date,gdp,gdp_trend,consumption,consumption_trend,investment,investment_trend,hours,hours_trend,capital,capital_trend,tfp,tfp_trend,real_m2,real_m2_trend,t_bill_3mo,t_bill_3mo_trend,pce_inflation,pce_inflation_trend,unemployment,unemployment_trend
1959-01-01,27.23251108034968,26.957608222156324,16.512988304240647,16.455942995523788,4.4379499862997696,4.335531969565696,109.09382695959961,108.96027714107088,28.07310990511748,27.92801230705334,14.249781752083084,14.14279808973894,1.5359521171191157e-05,1.5043592949155679e-05,0.027733333333333336,0.02963178856583908,0.06747778452367825,0.05722020929324388,0.05833333333333333,0.05779236531336922
1959-04-01,27.744771327195313,27.11958941290769,16.748424054940383,16.54242447464909,4.744745377900909,4.354870254663759,110.75643210685024,108.79695015704678,28.094779807948214,27.962313472523856,14.371916292337508,14.235541085051393,1.5507750898559195e-05,1.5185000491207336e-05,0.03,0.029432223163216066,0.0774744808226242,0.05632279496556479,0.051000000000000004,0.05792882523984831
1959-07-01,27.66534155721156,27.28271691129798,16.899794434144606,16.6293964096221,4.405407166454419,4.374358629609286,110.04060516187735,108.6339511611354,28.195584429352884,27.996747440365624,14.37326865962069,14.328959742853806,1.5602242207343416e-05,1.532793634574724e-05,0.03540000000000001,0.029231471226072732,0.07664496983816349,0.055431791622404705,0.05266666666666667,0.05806562327133988
1959-10-01,27.655528442522854,27.447564707593244,16.890590452971928,16.717027216976703,4.52680087582453,4.394297937895062,109.7107333612526,108.47257260851352,28.219123957651462,28.031488183430454,14.392032229485249,14.42321326023856,1.5545553067010264e-05,1.5472822998763496e-05,0.042300000000000004,0.02902870108041175,0.06964015333490159,0.054566830051943314,0.05600000000000001,0.058198766997081486
1960-01-01,28.0859834309788,27.614960931725943,16.891712300548356,16.80565823992709,4.993335159232339,4.415014072907188,109.6523331950466,108.31497025375046,28.169992955430455,28.066834685973394,14.630022013015411,14.518492949929753,1.54564484747718e-05,1.562027166416442e-05,0.03873333333333333,0.028826936382719485,0.05466167284431345,0.05376079927874512,0.051333333333333335,0.058320889658432754
1960-04-01,27.855434891896145,27.785884921415306,17.10245862823803,16.89574709662164,4.483804534162391,4.43692164495532,109.52236508607986,108.16405482783385,28.35119708620349,28.103204643035514,14.488567447112468,14.614975299613675,1.5500982194776978e-05,1.5770962592322704e-05,0.029933333333333336,0.028637495351307038,0.052940523921966465,0.05305600915442648,0.052333333333333336,0.05842325026738013
1960-07-01,27.902954974605088,27.961635904696635,16.985390180232713,16.98781544704684,4.417441114510641,4.4607872050703925,108.55534588907436,108.0235501778654,28.38779430358472,28.141082514321948,14.590600073507842,14.712911724930708,1.567313582968106e-05,1.592549682366463e-05,0.0236,0.02847788770257965,0.03554758749707676,0.05249533257658222,0.05533333333333334,0.058492740613206855
1960-10-01,27.448757838309998,28.143590484936123,16.972593124700172,17.08252625802223,3.8598696247323514,4.487424894756379,107.16969049490817,107.89800462347506,28.39734451459048,28.181110289315477,14.471749226046864,14.812479834287807,1.579929871977295e-05,1.6084324861798693e-05,0.023066666666666666,0.028366433051681315,0.03463613780115349,0.05212157026453685,0.06266666666666666,0.058512446287112385
1961-01-01,27.533680735264127,28.333125178055145,16.89956456403377,17.180556098092932,3.9595661586746353,4.517644239929851,106.17682431087331,107.79228110789863,28.263987650289057,28.224087956632573,14.628694398719432,14.913784095802084,1.5979111179014356e-05,1.624775246180793e-05,0.0235,0.028318402333941912,0.024990501403341137,0.05196693059694022,0.068,0.05846347825074627
1961-04-01,27.91017488727745,28.53121011229751,17.0539711749017,17.282528041557413,4.22552446591929,4.551854055899017,105.58983952747896,107.710776680421,28.172451031442808,28.270956165727785,14.899163114610044,15.016713272135448,1.6183743297761615e-05,1.6415913802550648e-05,0.023033333333333333,0.028345754130700687,0.021814646245725378,0.05205269355715255,0.07,0.05832954385349525
1961-07-01,28.358950063288226,28.738331615981892,17.10197598062513,17.388901881053236,4.541966132965937,4.590105051824438,105.8840073741554,107.65687337767896,28.154995021347517,28.322688107238395,15.11465787505441,15.120970443176834,1.6364340071587736e-05,1.6588775059106285e-05,0.023033333333333333,0.028457435521838197,0.030729301530142195,0.052383278860288075,0.06766666666666667,0.05810031077083941
1961-10-01,28.8688415967489,28.954595377019693,17.382253450380354,17.500004627292526,4.620659439397518,4.632242128275291,107.06768309974122,107.63262806984282,28.258923213834986,28.380204246570827,15.255949904398365,15.226175396865202,1.6573800057381346e-05,1.6766150792181308e-05,0.0246,0.028659073324236645,0.04661042320312325,0.05294420744189143,0.062,0.057772740713350396
1962-01-01,29.33713987573813,29.17987121280605,17.523964366081472,17.615990211117378,4.843682976926669,4.678080421950144,107.29040475941802,107.63900204666756,28.37876374341882,28.444329934678954,15.459584042610306,15.331933088745027,1.6803458662333376e-05,1.6947702146369183e-05,0.02723333333333333,0.02895290429091042,0.060689943800071866,0.05370746650167589,0.056333333333333326,0.05734977436403477
1962-04-01,29.493164560731365,29.413973144132548,17.707610209825518,17.736943598132065,4.750712019018544,4.727425730008681,108.16942223010795,107.67662824919921,28.489994701069232,28.51582559906323,15.438440785434567,15.437856186136331,1.7067769450440955e-05,1.713295056773775e-05,0.02716666666666667,0.029338628254046265,0.06187270772267328,0.05464108462420551,0.05533333333333334,0.05683699444295322
1962-07-01,29.721032427248165,29.656811033211792,17.779758380690193,17.8628953418977,4.790290977343664,4.780183650315022,107.45061459847558,107.74594891551304,28.548523975876478,28.59542298341529,15.614070865911057,15.543627191329628,1.7218564926372826e-05,1.7321302408194608e-05,0.028399999999999998,0.029814870313982444,0.06426802051809366,0.05571745444235587,0.05566666666666666,0.0562393483945223
1962-10-01,29.651540245007652,29.908343717161316,17.94831538270766,17.99385983675499,4.599117191461239,4.836273544513416,106.17361098868334,107.847742870336,28.584693270625703,28.683851660554105,15.69213589525925,15.648920454141733,1.7429263301395205e-05,1.7512094548983332e-05,0.02813333333333334,0.03037889809506511,0.06014136438658668,0.05691348835343907,0.05533333333333334,0.05556084387496502
1963-01-01,29.828137281210328,30.168570706725962,17.958287820624456,18.12980045405919,4.783128687517817,4.89561980955421,106.29308766525223,107.98263534185273,28.592343974727093,28.78182763881247,15.772581319756307,15.753446399481556,1.7653627599441487e-05,1.770456739343899e-05,0.029066666666666668,0.0310270949276942,0.05484721916904811,0.05821144285856459,0.057666666666666665,0.054805130614424546
1963-04-01,30.032972975894527,30.437328374147274,18.046576116831986,18.270651712191498,4.84770465675326,4.957988987897363,106.5060888007586,108.1502268749219,28.66201922915329,28.89002217682037,15.84673846418626,15.856935643352722,1.792832041936818e-05,1.7897873924620098e-05,0.0294,0.03175444066429353,0.049811628539247144,0.05959559188136255,0.05733333333333333,0.053975716148955466
1963-07-01,30.566655513460816,30.714229851636055,18.279642040200105,18.416237634019677,4.961856990792316,5.02306348212817,106.35614215827506,108.34907686304436,28.751117412689347,29.009005880000142,16.125582672193502,15.95912464331432,1.8192969701706358e-05,1.80910972945534e-05,0.03293333333333333,0.0325546898896238,0.05780700622781909,0.06104810670565717,0.055,0.05307789647464507
1963-10-01,30.6385007559672,30.998614915064135,18.274693596891833,18.566234062374956,5.022051413943475,5.090437286199923,106.73521895171083,108.57672148706291,28.861897914295042,29.139224312334726,16.10445707594817,16.059737636403916,1.831925013622572e-05,1.8283301264105514e-05,0.03496666666666667,0.03342012566303052,0.052428646207145935,0.06254504363818383,0.05566666666666666,0.05211906609832087
1964-01-01,31.152066581892292,31.289703844222018,18.583704203294467,18.7202193939424,5.1379223190160515,5.159642178079096,108.3345915118495,108.82943647426615,28.98376735000987,29.280978060681182,16.192963815044422,16.15859795946289,1.8488471367798587e-05,1.8473576736084455e-05,0.0353,0.034343267696011544,0.06759056649647466,0.06406043329787932,0.05466666666666666,0.05110782084151379
1964-04-01,31.365776607931377,31.586455549462723,18.834791277829886,18.877571128699856,5.107729040976021,5.230138956383317,108.36772999187043,109.1023141417246,29.135938802823745,29.4344083225038,16.270961880886293,16.25555430530193,1.868677599034822e-05,1.8661003264461648e-05,0.03476666666666667,0.035317602288191995,0.07696088665029999,0.06556198355528602,0.052000000000000005,0.05005497377610996
1964-07-01,31.719937380314743,31.88769977791662,19.08712147835202,19.037558206613262,5.1625552425862855,5.30134365433669,108.59613474228036,109.39009770045412,29.265438462711284,29.599481064520564,16.40669266248446,16.35047502847776,1.89516608006204e-05,1.8844637737274086e-05,0.03496666666666667,0.03633721369688703,0.08050981592863415,0.0670196086141955,0.05,0.048973562252636285
1964-10-01,31.677200559318802,32.1920786892355,19.033376733958644,19.199396806878617,5.223393065602276,5.372560115628344,109.17504874474537,109.68701817205158,29.400924572725277,29.77598182531367,16.301687550832757,16.443236829895188,1.9167220200025976e-05,1.902352328382148e-05,0.036833333333333336,0.037395841844648336,0.07419067860704698,0.06841034699283369,0.04966666666666666,0.0478778392630096
1965-01-01,32.30925329218188,32.49807386905083,19.342205298815486,19.36230718418836,5.69592433734,5.4429646364578455,110.41448593308338,109.98674568849039,29.552593322382688,29.963487569448063,16.475699001460423,16.533750852183985,1.9371718248854596e-05,1.9196743498089525e-05,0.038900000000000004,0.03848637006213375,0.07540398567499462,0.06971966858899808,0.048999999999999995,0.04678269932273883
1965-04-01,32.58510922426276,32.803777788387876,19.485350082239503,19.525376660541873,5.669753937204146,5.511595153845636,111.05708161982703,110.28255904719182,29.81987834221423,30.161333464215627,16.501726445948634,16.621838293849557,1.952512624220572e-05,1.9363450450862416e-05,0.038733333333333335,0.03960133011218152,0.07141945742216627,0.07093665600774508,0.04666666666666667,0.045704154964460245
1965-07-01,33.19885308549965,33.10709115551312,19.75140426882411,19.68764902438974,5.8144723735715,5.577603907971149,110.95675898410222,110.56793330614288,30.092161002151975,30.36858125859579,16.768984979459397,16.70728174556058,1.9763041749693004e-05,1.952289008089701e-05,0.03866666666666667,0.04073351227634107,0.07055823179370924,0.07205394455230979,0.04366666666666667,0.044659604533733355
1965-10-01,33.85120735038733,33.40570028398451,20.162567240353678,19.848111597122447,5.865939786163766,5.640209913371045,111.6358034940119,110.83676345942645,30.38946823140572,30.584053696115973,16.972316579948203,16.78978533170352,1.999140862087781e-05,1.9674399953184973e-05,0.04166666666666667,0.041875164338175036,0.09725600078284045,0.07306447127681134,0.04100000000000001,0.04366704794593154
1966-01-01,34.58104992581534,33.69727241287345,20.431194957012167,20.00576095211389,6.266651166473434,5.698756056786063,112.94223329632192,111.0831357783249,30.708380192266855,30.80636665684061,17.144859811491163,16.86908856985036,2.019061117852675e-05,1.981746405537224e-05,0.0461,0.043017242302740004,0.09407485496065959,0.07396023841489473,0.03866666666666667,0.042743864530261286
1966-04-01,34.603272565783215,33.979684838693004,20.426686452552254,20.159762991190423,6.168598037049891,5.752712665616442,113.73466396557083,111.30159648721188,31.111692410391548,31.033972984665535,17.00027207622796,16.945043228582715,2.0212227071733706e-05,1.995176719468718e-05,0.04586666666666667,0.04415057186404788,0.08828055935984169,0.07474836790614624,0.03833333333333334,0.041905766710962855
1966-07-01,34.79641567668142,34.25131238464122,20.55979706221004,20.3095295187522,6.079071427150422,5.801890322474587,113.94257083952493,111.48782534652929,31.473702329400272,31.265217371984512,17.005882826703058,17.017673708476536,2.007904066740165e-05,2.0077236598102852e-05,0.05043333333333333,0.04526790543967138,0.08633166144763171,0.0754485533254933,0.03766666666666667,0.04116591866361179
1966-10-01,34.9778186741312,34.510888389087725,20.570249224704533,20.45462854348856,6.122257888155082,5.8463647775817185,113.30116406574795,111.63900896246408,31.79543829458989,31.498443613481836,17.096413666754458,17.08704237779546,2.005283787621008e-05,2.0193977925748228e-05,0.0521,0.046363068006434874,0.06595959420188979,0.07608894586752192,0.037,0.040535251792922646
1967-01-01,35.170640329217555,34.75747181287298,20.594720750107008,20.59477959738708,5.949932260155998,5.886401473508881,112.79494293835684,111.75387221611888,32.10523887574089,31.732077091253817,17.182358353771246,17.153207834081666,2.0225989463209406e-05,2.0302116101763264e-05,0.04513333333333333,0.047433112933596255,0.051434053125053225,0.07670449866939441,0.03833333333333334,0.04002251047111185
1967-04-01,35.06010542570063,34.99041151881717,20.791100124987647,20.729774171564838,5.678075056281113,5.922457516419759,111.68476078573512,111.83220302776971,32.346451574318564,31.964683700128347,17.19373258067704,17.216237963043312,2.0528536386612902e-05,2.040170390755855e-05,0.0366,0.04847867917290942,0.05949001344728089,0.07732383402348213,0.03833333333333334,0.03963422953802526
1967-07-01,35.21864778994322,35.20932286431379,20.78834503923964,20.85940504613675,5.813989476911469,5.955052258763318,111.50395365066667,111.87447315142619,32.47228737849824,32.195023215008035,17.266202028288397,17.276222306354523,2.0783582643686743e-05,2.0492760812345835e-05,0.043,0.0494989683138781,0.05456636608980969,0.07795978019369121,0.03799999999999999,0.039375888097797636
1967-10-01,35.32293640657947,35.4138797537008,20.76839857298509,20.98350546477994,5.917071435732568,5.984567270710889,111.50408471506958,111.88109815358825,32.639442758492926,32.42206205989124,17.286224925365627,17.333239639655456,2.08946722829266e-05,2.0575399467017877e-05,0.04753333333333333,0.05048575777152301,0.057521527976166276,0.0786140193060677,0.039,0.039252152194435785
1968-01-01,35.90445994588121,35.603778395396056,21.17410316575479,21.101866669664386,6.012641918389373,6.011308001428114,111.26521497214483,111.85229615596316,32.84684236441797,32.644915411829366,17.556354231688772,17.387365472625024,2.0938645400288692e-05,2.064992865233193e-05,0.050499999999999996,0.05142676310566864,0.0849252605109676,0.07927361260284269,0.03733333333333333,0.03926682794188538
1968-04-01,36.38044594598183,35.778674781819376,21.415832494812673,21.214145632111133,6.1887454941565325,6.0355475873324576,111.9518377537937,111.78808300660243,33.086647969106615,32.86281536784323,17.673052748210992,17.438648513526616,2.098957742324805e-05,2.0716872403681e-05,0.0552,0.05230785461086559,0.09247246046343482,0.079912438519166,0.035666666666666666,0.039423563858970535
1968-07-01,36.51398184141528,35.93843075759232,21.740455318303265,21.320044915433943,5.978604091201908,6.05756839860745,112.27818708992241,111.68814084868761,33.338233595823986,33.0751059353151,17.657516007771285,17.487245503678302,2.110341035898903e-05,2.0776951813969067e-05,0.05196666666666666,0.053114323354723464,0.10848473812307002,0.08050790777013016,0.035333333333333335,0.03972480003038506
1968-10-01,36.48334324684697,36.08330522544194,21.669868960716435,21.4193955248134,6.058760844563825,6.0777552661266885,112.43966426690557,111.55228925058721,33.504950392657236,33.281261122195836,17.59547956988463,17.533462830856244,2.1190838916418384e-05,2.0831074821229464e-05,0.05586666666666666,0.053833267995720024,0.1094608962101229,0.08104528108454272,0.034,0.04017062848007755
1969-01-01,36.88938480715097,36.21394307248014,21.79950342000917,21.512295724184415,6.401943417123435,6.096450405013801,112.9809220477167,111.38075037659965,33.69434399890709,33.48091403768983,17.70090450214688,17.57771787511073,2.1237313746542608e-05,2.088036860387991e-05,0.06093333333333334,0.05445106990690299,0.09455208587778774,0.08152730471018185,0.034,0.040758396565310905
1969-04-01,36.85016671437918,36.331269020370236,21.851715725537147,21.59901000702994,6.307900383614086,6.1139897916725765,113.56294039558854,111.1743306780016,33.97546697977372,33.67383678887861,17.571954454820105,17.62047206578811,2.1068820417360752e-05,2.0926199344042984e-05,0.06196666666666666,0.05495538133548941,0.08785776362056241,0.08197448465427924,0.034333333333333334,0.04148159500054802
1969-07-01,36.935324284000295,36.436658103246515,21.82597963182307,21.679993758344065,6.367635045734214,6.1309015811932985,113.62423857357994,110.9348540285522,34.21507290032783,33.859937705791715,17.563132751619055,17.662269029379715,2.0819741913066618e-05,2.0970169929939112e-05,0.07023333333333333,0.05533790594333787,0.07507922320630533,0.08241546741229626,0.035666666666666666,0.04232949050239844
1969-10-01,36.57828248973197,36.531839386259755,21.865853310921096,21.75587333848338,6.045237968814419,6.147840190313152,112.73413225319896,110.66563101991207,34.44117328680836,34.03931976742589,17.44224277536797,17.703627370326874,2.0631974999594515e-05,2.1013987005393652e-05,0.07353333333333334,0.055594729445638945,0.07932317292691704,0.08288257652904825,0.035666666666666666,0.04328688212392971
1970-01-01,36.335871541135205,36.618881841859256,21.834879199450143,21.827380275237836,5.811008725641992,6.165613366843344,111.70146935719585,110.37162017615557,34.5658340334945,34.212317893877945,17.408572652016787,17.745008254633223,2.0315642028579905e-05,2.1059276960678397e-05,0.0721,0.055731247199701926,0.07611519493019636,0.0834035503967218,0.04166666666666667,0.04433440465331205
1970-04-01,36.19358367495553,36.699910542696486,21.754975972213348,21.895328386430027,5.8138619407326395,6.184973342673851,109.64110294600178,110.0590223678553,34.62209488747253,34.37953205183311,17.541532495118208,17.786711836539368,2.0063935786833294e-05,2.11074383698558e-05,0.06676666666666667,0.05576406619026595,0.07225526751646649,0.08400390278025216,0.04766666666666666,0.04544793024405487
1970-07-01,36.320397506934256,36.77689531933907,21.853993202603558,21.96054890900552,5.815763607728398,6.206452843531882,108.47055293445831,109.73480346796723,34.6645831790817,34.54180102813374,17.718629083887556,17.828827803677147,2.0234869239635257e-05,2.1159407946766644e-05,0.06326666666666667,0.05572002387257033,0.07370043343531174,0.084704592222408,0.051666666666666666,0.046601663713425945
1970-10-01,35.72094370418871,36.851504747081556,21.662135421291154,22.0237961100914,5.4717678415446915,6.23035268397576,107.01128349923779,109.40559434212945,34.70066277055777,34.70013598661296,17.57388599932063,17.8712916604682,2.0388067166083586e-05,2.121546089474495e-05,0.05353333333333334,0.05563283432715211,0.06377037187432522,0.08551923436891812,0.05833333333333333,0.04777119658895718
1971-01-01,36.48825709700515,36.92513362509633,21.831636695473176,22.085766769963822,6.0910943329348495,6.256726337114199,106.91687535220315,109.0771590140207,34.658675539134556,34.855646851091606,17.96930116744429,17.913968879013286,2.0612764237754845e-05,2.1275283220091604e-05,0.0384,0.05554092828629463,0.07519728978842322,0.08645456726626935,0.059333333333333335,0.0489352860250262
1971-04-01,36.4767417151433,36.998467667875055,21.869085426755674,22.146936827244264,6.225114152225136,6.2851206162898965,106.65529069836006,108.75368885446373,34.76837467054496,35.00946566121277,17.972366331289706,17.956535303440262,2.1011273199514592e-05,2.13380286456034e-05,0.0425,0.055481424294160045,0.08051342799694507,0.0875037359218893,0.05900000000000001,0.05007929051147586
1971-07-01,36.57442031376393,37.07192233876034,21.9134093862666,22.207627104884853,6.275206843788407,6.314969997852459,106.06715532358201,108.43797004799134,34.91261972939859,35.162620959168855,18.059192281032892,17.998698389798957,2.1300592902003426e-05,2.14024188750857e-05,0.050100000000000006,0.05548072781473151,0.07975277054302965,0.0886528495447819,0.06033333333333334,0.051195067317716655
1971-10-01,36.4535024609152,37.14558670755735,22.10365514878932,22.267986352122957,6.076446363195612,6.345661048044082,106.60193332827599,108.13144044440699,35.05869376881936,35.31600725899589,17.91454474278852,18.040172818796393,2.1573659557419173e-05,2.146695353889596e-05,0.0423,0.05555713092180839,0.0932772460051412,0.08988364840149801,0.059333333333333335,0.05228004915658944
1972-01-01,36.7074879397266,37.21923626183904,22.041870974521633,22.3279788826625,6.352562261081866,6.376543474040848,106.59236323553527,107.83403310825175,34.95277895089115,35.47037667809728,18.059529427370627,18.080708656088806,2.164471154688203e-05,2.1530050013317512e-05,0.03436666666666667,0.05572556273430582,0.08799062407057857,0.09117231020921238,0.057666666666666665,0.05333738015719481
1972-04-01,37.34364485729205,37.29220634782997,22.333721248465604,22.38746503889252,6.68799059858866,6.406780702040906,106.80335040293323,107.54472578626851,35.130946608983095,35.62633167879953,18.316285694109123,18.119974755428316,2.1933735779108483e-05,2.1590174221539276e-05,0.0377,0.05599266666431281,0.09252262973781968,0.09249713368360205,0.057,0.05437461275124385
1972-07-01,37.49675344985806,37.363503827067404,22.540454211289028,22.44612282059937,6.772314055714636,6.435505317696288,106.83972624622902,107.26173202566932,35.383747159999785,35.78415652708708,18.341225637480196,18.15762408488934,2.2338070229676385e-05,2.16458479303483e-05,0.042199999999999994,0.056351736813876147,0.09948993691884468,0.09383442898650743,0.05566666666666666,0.05540200517451605
1972-10-01,37.94380141044472,37.43216042518228,22.85649596710057,22.50359317928623,6.844511232643408,6.462008880859914,107.44304209949777,106.98282238226726,35.66595770372978,35.94382591333196,18.440742659848244,18.193429713377608,2.2681315615783337e-05,2.169579429658752e-05,0.048633333333333334,0.056784634368377385,0.10912947755351986,0.09516052221480278,0.05366666666666667,0.05643145652982141
1973-01-01,38.683261357157456,37.49728471790043,23.16819824643692,22.559572759594154,7.141726070986201,6.485780367068368,108.50040462278426,106.70552794840535,35.94171953034457,36.10506008274372,18.630539206556744,18.227278137698764,2.2837565120389745e-05,2.1739156705610293e-05,0.057,0.057264375677689446,0.11646151014685735,0.09645527415782015,0.04933333333333333,0.05747503133340251
1973-04-01,38.902976461188366,37.55829872701158,23.127026485138686,22.61397547830794,7.379389353593941,6.506538625446646,109.07783289260182,106.4276909130236,36.27984606109592,36.26739824576068,18.610734995506345,18.25920978855988,2.2743826304943965e-05,2.177568214193343e-05,0.06603333333333335,0.05775888252853838,0.10980585293201163,0.09770727620197829,0.04933333333333333,0.0585430661078375
1973-07-01,38.49831209727615,37.61535412424815,23.060704765233066,22.667091992820794,7.097350836170817,6.524396137179239,109.25040728616871,106.14828257736664,36.66369632199058,36.43026796620448,18.33058533750419,18.289516212976444,2.2505530750291778e-05,2.1805794246071766e-05,0.08323333333333333,0.058235911472851634,0.10708701609566385,0.0989176236311891,0.048,0.05964080881445447
1973-10-01,38.668000616372986,37.66943307641902,22.889463414440094,22.71953460561521,7.356430425962183,6.539985470070829,109.24110727808404,105.86791263164896,36.96576358249207,36.59309428991562,18.359598955134977,18.318709773558442,2.223760559301104e-05,2.1830518641802993e-05,0.075,0.05866839059430967,0.09167372473772704,0.10009497333982072,0.04766666666666666,0.06076775133159744
1974-01-01,38.139731565704764,37.72207140090818,22.810756984461587,22.77216650004457,6.863703547057519,6.554293137876184,108.21601185122141,105.58908546201451,37.31791099334219,36.75543872260026,18.159730552637168,18.347332152856996,2.211504528237114e-05,2.1851321641275796e-05,0.07616666666666667,0.05904487136525577,0.08104294872649585,0.10125308809253158,0.05133333333333333,0.0619161100321014
1974-04-01,38.03607108189948,37.775431611240194,22.88101652314953,22.82596521606079,6.895737014513966,6.568798661340154,107.95193547877618,105.31634368949472,37.534575321530006,36.91708892431279,18.102441983311344,18.375954158277214,2.1754344810758714e-05,2.186993049563494e-05,0.08153333333333335,0.05936411251391174,0.09505346050751484,0.10240046737360388,0.052000000000000005,0.06306991311088575
1974-07-01,37.48918268863948,37.83194891666552,22.812171967608826,22.881941837897244,6.512747779842292,6.5851848155003445,107.03578401352682,105.05579703624005,37.75369974788142,37.078181010576515,17.904764682888118,18.405031963265753,2.1254730657488187e-05,2.1888243637026052e-05,0.0819,0.05963557389056277,0.10525255653603495,0.10353297933021591,0.056333333333333326,0.06420657452743314
1974-10-01,37.15764433533872,37.89423645540291,22.277667189162532,22.94115228367595,6.534995145688517,6.605352725624963,104.74029650511405,104.81511654717158,37.86884592653693,37.239239809498024,17.97909397454498,18.43485186458587,2.0858912702569812e-05,2.1908093539801065e-05,0.0736,0.05988257110850616,0.09748628827296901,0.10464190023025471,0.066,0.06529658954553194
1975-01-01,36.52775062732323,37.96471052468823,22.26744530747333,23.00462043228528,5.521849078134755,6.631185637607233,100.9571156724127,104.60313156982735,37.9910479522448,37.40122148644465,18.081639197892294,18.465384032333485,2.0684011661756373e-05,2.1930916967497696e-05,0.0575,0.06014233504735764,0.10463656056725877,0.10571958107736096,0.08266666666666665,0.06630553265322418
1975-04-01,36.614740512104504,38.045342825269316,22.466915589789107,23.072960023330587,5.392532317661011,6.664562970089289,99.55466321736051,104.42857157157378,37.860689388378425,37.56549253504352,18.31227313611751,18.496309108633476,2.1028011471046842e-05,2.1957484079479843e-05,0.05393333333333333,0.060460669979790146,0.10121444294030348,0.10675390061770207,0.08866666666666667,0.06719941797008598
1975-07-01,37.0303101183867,38.1372089091539,22.67948936934508,23.14632335594798,5.74337766602052,6.706655256209913,99.89185666568868,104.29782833896836,37.66708380995092,37.73381254155153,18.51264261000027,18.52706244237991,2.1294308905070953e-05,2.1987765960694795e-05,0.06330000000000001,0.06088172871907202,0.10314808338144023,0.10773206070962661,0.08466666666666667,0.06795448532445186
1975-10-01,37.34470596612362,38.24048740235744,22.812194523186086,23.224480989145967,5.855245024782811,6.757796660771715,101.11512682407573,104.21419748686776,37.59749679505876,37.908158506371684,18.5346869941067,18.556959654853333,2.1344200484810568e-05,2.2021140058985604e-05,0.05626666666666668,0.0614455844930676,0.12214218015408541,0.10863780105043494,0.08299999999999999,0.06856039157509175
1976-01-01,38.00264499671697,38.35466211674263,23.169316618584,23.30690605588113,6.359314714419748,6.817701982885885,102.29026875894608,104.17821395531142,37.56393302509785,38.09050313001981,18.725954749320913,18.585303000174147,2.1688417108584515e-05,2.2056539682643457e-05,0.04916666666666667,0.06219382194919175,0.12659283995980464,0.10945199635159711,0.07733333333333334,0.0690172386941144
1976-04-01,38.110298842111824,38.478649233480745,23.239412240418556,23.392804260581308,6.631135049067428,6.885487222338664,101.87041913582944,104.18851072633957,37.66764125959227,38.28266286862755,18.811111935091382,18.61137683336506,2.2017851809250898e-05,2.2092460889175004e-05,0.05156666666666667,0.06316478891121782,0.11440416266271501,0.11016396156152301,0.07566666666666666,0.06933415340889415
1976-07-01,38.13520015755731,38.61113538090751,23.424299042901605,23.48128392940965,6.6364528194347425,6.959951790111941,101.78644475608552,104.24259160568243,37.822544175802456,38.48616040025733,18.806463261132368,18.634550034219412,2.2207284850554537e-05,2.2127157341719498e-05,0.0515,0.06438869123086757,0.10658408391202379,0.11077372465587762,0.07733333333333334,0.0695254600059548
1976-10-01,38.240749271314456,38.75056121014204,23.57401222945754,23.571343567521627,6.675370535317056,7.039690761809312,101.8825441564521,104.33654530490855,37.9874294651895,38.70216516640375,18.81827845912502,18.65431403074328,2.2506269265230075e-05,2.215882503445714e-05,0.04673333333333333,0.06588848593345994,0.107956250702689,0.11128396373601415,0.07766666666666666,0.06960944059260628
1977-01-01,38.52401383429824,38.89504658062646,23.79287640620719,23.661930521205953,6.979969806963073,7.123029027422208,102.51215508015552,104.46493835778782,38.15787633822903,38.93145721222838,18.852345829999503,18.670267002774416,2.2802736675546634e-05,2.2185700704668098e-05,0.0463,0.06767907461229454,0.10658901458499281,0.11169473837782092,0.075,0.06960925719698807
1977-04-01,39.08956077318067,39.04236175305539,23.880291656828906,23.75197757963619,7.409529848836123,7.207973641584889,103.9811351727886,104.62079178370361,38.38535325838649,39.174387121886255,18.913622359714306,18.68211016044746,2.2983245397836576e-05,2.2206231030770487e-05,0.0484,0.06976338689029588,0.11193937355029494,0.11200402833654041,0.07133333333333333,0.06955310761353602
1977-07-01,39.601304756863186,39.190008825859046,24.056533691074193,23.840483555068936,7.741541546282998,7.292342597361076,104.58350570655637,104.79587416306092,38.70290584129756,39.43082820061388,19.034456907945398,18.689659937788857,2.311678907676846e-05,2.2219242640835333e-05,0.05496666666666667,0.07213099046875585,0.11054395645172699,0.11220662229004469,0.06899999999999999,0.06947255885093784
1977-10-01,39.42598636035096,39.33548173356163,24.1336360223717,23.92651329644444,7.692919374195387,7.373978667007696,105.14049277950792,104.98151017383213,39.10763719422598,39.70015349999458,18.816239517658644,18.692879253963895,2.299380122793382e-05,2.2224044080381207e-05,0.061099999999999995,0.0747581009321599,0.11103246539774991,0.11229726850696442,0.06666666666666667,0.06940029055895616
1978-01-01,39.382122331538056,39.476495167290295,24.208484305773716,24.009254472479675,7.773569252951033,7.450911328453325,105.179257006515,105.168834793095,39.49061080092343,39.98125984400301,18.726819639122045,18.691947560724923,2.2988220638604132e-05,2.2220501885960577e-05,0.06393333333333334,0.07761020616261718,0.10245869605572988,0.11226967608978133,0.06333333333333332,0.06936868703807178
1978-04-01,40.727623815818305,39.61078959371111,24.653261186168113,24.088014882103554,8.219890577008922,7.521299410005821,107.77918455641506,105.34902020400959,39.877330817243156,40.27263889677993,18.99676220053108,18.687123944264204,2.2878832849749e-05,2.2208964604681102e-05,0.06476666666666667,0.08064425772915423,0.12373206579722605,0.11211676363903389,0.06,0.06940842407383278
1978-07-01,40.95031937515962,39.73601889870625,24.65884753209411,24.16222031655491,8.418447044849778,7.5834545935533395,108.18796903517662,105.51318567867973,40.35004322444218,40.57242772978458,18.975266551999766,18.678691525368592,2.2811986252637405e-05,2.2190260024723032e-05,0.07313333333333333,0.08380865915527934,0.1206864531569931,0.1118253178927393,0.06033333333333334,0.06954640535572185
1978-10-01,41.307620617707215,39.850506138884775,24.704266834934046,24.231643685830377,8.601150799505998,7.636087725964356,108.98941888082925,105.6539067661336,40.849527053784804,40.8784565393452,18.967374622661982,18.66712685390743,2.2666015368993516e-05,2.2165632350530112e-05,0.0857,0.08704189047008673,0.1181684234045186,0.1113893851527637,0.059,0.06980365430817552
1979-01-01,41.196952475377856,39.953315693163624,24.737330128293337,24.296367511595832,8.573435704016827,7.678414629823991,109.27685323469734,105.76538758933083,41.38236056839443,41.18834784897129,18.79874058632571,18.6530907073233,2.2485996622765057e-05,2.213670811167394e-05,0.09383333333333332,0.09027575962403198,0.1204443252959817,0.11080854993051341,0.05866666666666667,0.07019543618561636
1979-04-01,41.06673518521023,40.044411863322075,24.68579184470448,24.35677248204074,8.546851310676898,7.710252037356791,109.16142514631815,105.84388580915102,41.89869016910042,41.49963248239992,18.670990858704428,18.637428934781475,2.2374033754137282e-05,2.2105417100041188e-05,0.09376666666666666,0.09344123588602683,0.10362161989818519,0.11008663363630211,0.057,0.07073026395852434
1979-07-01,41.18424932468608,40.12453848860816,24.885441369276386,24.413520347111174,8.423783975567432,7.731992272792203,109.66587664564678,105.8878384693641,42.37322422694524,41.80988859413371,18.59494781031902,18.621075692559803,2.231177283992161e-05,2.2073895597273348e-05,0.09673333333333334,0.09647151200855138,0.117631396662222,0.10923348004004688,0.05866666666666667,0.0714094451164301
1979-10-01,41.074548699555535,40.195088777654746,24.956951420809528,24.467486376975984,8.26163178402633,7.744573198516671,109.33059953227804,105.89775566308013,42.772842460450725,42.116874321511354,18.521414864285617,18.604982983286217,2.2116468081050028e-05,2.2044434409269347e-05,0.11843333333333333,0.09929998413832357,0.11724476391193474,0.10825489227807847,0.05966666666666666,0.07222570573389017
1980-01-01,41.028692326435404,40.25812968342524,25.034831723329003,24.51984838849925,8.155642389043061,7.749389437623837,108.59313941055639,105.8765007165601,43.155378311125915,42.418639261163804,18.52448831123859,18.59008324068119,2.19474267019045e-05,2.201945999903432e-05,0.13353333333333334,0.10186021206038937,0.12204600627100559,0.10716192218461648,0.063,0.07316380764892999
1980-04-01,40.02640233962128,40.316291902324856,24.392328414731576,24.57209913945172,7.430409393080061,7.7481786511819575,106.19126069771102,105.8290740391574,43.51145698221866,42.71359445262655,18.28394496500664,18.57725379347399,2.16714431255627e-05,2.2001434657098195e-05,0.09616666666666668,0.10409771390304157,0.09443033830133496,0.10597124026365168,0.07333333333333333,0.07420066330015795
1980-07-01,39.813679334962266,40.372702514991225,24.58345210327025,24.626064191504277,6.900302939677605,7.742941850381818,105.26012748359761,105.76216387583028,43.66295587358214,43.00057646777876,18.26894679250682,18.567329056654707,2.1747936532087226e-05,2.199277280412343e-05,0.09153333333333334,0.10597780349536855,0.09424102608962158,0.10470881957172873,0.07666666666666667,0.07530683274640185
1980-10-01,40.415843195576066,40.43032459462101,24.798298052273907,24.683472078426817,7.465342607342861,7.735481047529442,106.31295662803188,105.68268093637111,43.706307422374614,43.27889994732089,18.419273579608152,18.56095817015151,2.1570949386455283e-05,2.199568742780273e-05,0.13613333333333336,0.10746083776193589,0.10684909986797851,0.10339342010166583,0.074,0.07645233396526016
1981-01-01,41.06525448877395,40.49178542953135,24.786504669709252,24.746041615247588,8.14128082159477,7.727038254209054,106.54729334580647,105.59720779144352,43.88868612104927,43.54828767510472,18.661255729985474,18.558603273160053,2.130327731006606e-05,2.2012254844020905e-05,0.1439,0.10849814583345788,0.10775526316717009,0.10203725947535483,0.07433333333333333,0.07760803483053152
1981-04-01,40.62693001336423,40.5597199160333,24.633146272336923,24.81558339694339,7.8342444851593855,7.718679484532301,106.27844754621911,105.51270008148171,44.24002596834483,43.80873477620168,18.440876822726782,18.560639794123915,2.138357286795695e-05,2.2044312010745736e-05,0.14906666666666665,0.10905897715038093,0.12483025101438772,0.1006547151145415,0.074,0.07874327050728631
1981-07-01,40.97483092339685,40.6371401099295,24.606684044689946,24.89395833221583,8.197167856323466,7.7117179707902785,105.83421871602465,105.43668181316863,44.49747349037811,44.06046062551757,18.611661670984834,18.567510285401205,2.1288690315100384e-05,2.2093284651249627e-05,0.15053333333333332,0.10913470731200553,0.11017756840315428,0.09926373819327892,0.074,0.07982532947215906
1981-10-01,40.39145912766627,40.72712840998302,24.308204630748573,24.982943112457832,7.921092497494477,7.707534296396519,105.00561107565815,105.37713290945698,44.83538388371694,44.30397026099787,18.391892646834847,18.57958633924175,2.1394749014440432e-05,2.2160226009021947e-05,0.1175,0.10874171672357986,0.07782904282718128,0.09789738959555763,0.08233333333333334,0.08081853565771731
1982-01-01,39.646310859951,40.833015207788954,24.38804216902553,25.08416884918419,7.123545205208516,7.707802374110992,102.90441444168871,105.34226880507877,45.110747916602655,44.540063023122535,18.252190433484454,18.597272287047925,2.1518106934825886e-05,2.22457272760143e-05,0.12813333333333332,0.10792225993161543,0.06810133348605896,0.09659555134924933,0.08833333333333333,0.0816835721656085
1982-04-01,39.7057949376321,40.95796909059606,24.305644259785684,25.198876578772506,7.073947109000947,7.714334264224503,103.07389532691576,105.34007561737,45.17298386795582,44.76989602963558,18.25122410480868,18.62086064541219,2.162983014001799e-05,2.234994111908538e-05,0.1242,0.10672406540967162,0.06368681695770184,0.09538556276549556,0.09433333333333334,0.08238206884602742
1982-07-01,39.439028407535936,41.10446224530456,24.43522569076098,25.327902369842686,6.946908124166988,7.728580150846312,102.03025721544911,105.3770227491681,45.226504213529424,44.99501387830134,18.241356673461343,18.650432456077063,2.1615971985503486e-05,2.2472599311601408e-05,0.09316666666666666,0.10520749355218395,0.06515094487050965,0.09427695426927349,0.099,0.08287981164989872
1982-10-01,39.33573611563333,41.274230386609986,24.803947957389024,25.471544747945916,6.3495814992362165,7.751601491933034,100.76493549026063,105.4581944714544,45.24078727330803,45.21724941301411,18.339729276948695,18.685840701439318,2.1808350768651777e-05,2.261300574613358e-05,0.07906666666666667,0.10344382721270687,0.08666072069799814,0.09325944456943035,0.10666666666666666,0.08315005606845163
1983-01-01,39.74881770826249,41.46799995142882,24.999857468281327,25.629554548475898,6.471660983124265,7.783980831723841,101.12480302898435,105.58661237423762,45.12304766426582,45.438619693176385,18.506299739993068,18.726683047768656,2.2778372939729945e-05,2.2769930121972432e-05,0.08106666666666668,0.10149682372799151,0.08461811528904173,0.09230454861893926,0.10366666666666667,0.08317613271063426
1983-04-01,40.54698891947365,41.68529368651254,25.485278408315462,25.801267036631813,6.953928331116967,7.825366003892942,102.0445249759109,105.7623639771901,45.0422152151463,45.66119715428736,18.778924301886974,18.77233900497527,2.3132063402297797e-05,2.294161821570244e-05,0.08396666666666666,0.09941500470944767,0.1028576051224601,0.09137965716835368,0.10133333333333333,0.0829560700670186
1983-07-01,41.241014083892296,41.92454889753096,25.93390626156966,25.985611817894863,7.291658934274087,7.874518532190206,103.80526966317152,105.98273998464627,45.07472497668798,45.886895254305436,18.884368564732164,18.822046508658026,2.3185067249377873e-05,2.312629015889911e-05,0.09140000000000001,0.09723412292032188,0.11230150872309208,0.09044735694739589,0.09366666666666668,0.08250070321189915
1983-10-01,41.98074238538579,42.18346575652489,26.24686692101002,26.181298834348212,7.948704189713286,7.9296063655216145,105.45222160492548,106.24268940097934,45.18823620100839,46.11727196510111,19.01066564979874,18.87504221094097,2.3361318198864327e-05,2.3322243989877457e-05,0.088,0.09498027591258393,0.1057731476345969,0.08947740840325952,0.08533333333333333,0.08183235300911189
1984-01-01,42.62400287951046,42.45927296925738,26.374218965022337,26.386975130764103,8.625809777788177,7.98837539359444,107.03681225245663,106.53577534146739,45.40279086882033,46.353399440025036,19.08407456562301,18.930594977178814,2.3527949975020804e-05,2.3527766417815348e-05,0.0917,0.09267591491137842,0.10691988287041632,0.08845323082799803,0.07866666666666668,0.08098031904965206
1984-04-01,43.25102969152762,42.7490123374809,26.70694325658355,26.60129232860877,8.833300048611775,8.048521683097091,108.15387216770951,106.85502373834548,45.85154018242754,46.59577967263651,19.168474516438557,18.988051010803865,2.3770298024476745e-05,2.374111326767371e-05,0.09796666666666667,0.09033912846940462,0.10066425480497809,0.08736842835068448,0.07433333333333333,0.07997608903721753
1984-07-01,43.551774997595565,43.04975714270928,26.8025679493864,26.822853027014617,8.944969960282313,8.108061366178594,108.32213638966913,107.19371156062071,46.329381832161765,46.84431919947201,19.212426311060305,19.046845193401737,2.3808765743722384e-05,2.3960478708927256e-05,0.1032,0.08798739519254216,0.08346412229863853,0.08622814675791846,0.07433333333333333,0.07884970464276683
1984-10-01,43.77606194851025,43.358818139247234,27.032422687224457,27.050281200812048,8.776641661417651,8.165426688456645,108.6840532378565,107.54585354301086,46.79971669649883,47.098449215591636,19.201541595792346,19.106518537959218,2.408242969194667e-05,2.4184008165893262e-05,0.08803333333333332,0.08564296089804403,0.07978980786479717,0.08504584172783348,0.073,0.07762768081494356
1985-01-01,44.1031541732896,43.67374594243764,27.48265960737843,27.28214087300328,8.443541947873273,8.219512224958821,109.3090092296739,107.90609685471969,47.24976583367455,47.357261730729434,19.208600292006253,19.16671004363971,2.4510162515055325e-05,2.440967941382131e-05,0.08183333333333331,0.08333757928116788,0.09008607766632949,0.08383324142327608,0.07233333333333333,0.07633370977032297
1985-04-01,44.38533150711794,43.992282550241896,27.714578791911084,27.516934375127427,8.547010566202749,8.269561137594193,109.78342498047478,108.26973080533931,47.591131928650256,47.6196393846708,19.22864911765194,19.227113766802002,2.4725191985442146e-05,2.463532848953356e-05,0.07460000000000001,0.0811044980199434,0.08315763794309561,0.0825987889859284,0.073,0.07498859142497097
1985-07-01,44.94515612152135,44.31237393348943,28.217920517377078,27.75323826672919,8.423498257466624,8.314945037124726,109.80202624336721,108.6328582656888,47.93427223252382,47.88437173813646,19.420139150545513,19.287446205178874,2.5033093791658036e-05,2.4858775043328027e-05,0.07106666666666667,0.07897602463868295,0.09573216556999874,0.08135483558012446,0.07200000000000001,0.07361062545968038
1985-10-01,45.14573739863318,44.632153687603626,28.23479038151782,27.98970460655029,8.731766891588737,8.355203146109856,110.03026159161541,108.99247550972777,48.21779077324875,48.15020301734191,19.440329492807138,19.34742126387183,2.5186196946426255e-05,2.5077818890829404e-05,0.07166666666666667,0.07698040135043642,0.08494154689071776,0.08011408165079659,0.07033333333333334,0.07221686868560341
1986-01-01,45.34272867563827,44.950100076608884,28.401711561875377,28.2252324723638,8.685096959706813,8.389944385532841,109.31491755508655,109.34627114628995,48.471319319985476,48.41588080233348,19.572155158276615,19.40683249417918,2.5307564191215468e-05,2.5290298325991294e-05,0.06896666666666666,0.07514092701952121,0.0711833954980412,0.07889821347412074,0.07033333333333334,0.07082337127297998
1986-04-01,45.42207967432207,45.2649730551682,28.49491162813424,28.458840059326228,8.546476865191202,8.419014950268306,108.72670894063012,109.69255483308594,48.809486498530745,48.68016775480793,19.627468832028676,19.465529293023963,2.5807538012174934e-05,2.5494056830720323e-05,0.0614,0.07347757942607736,0.06327626144582443,0.07773193449204786,0.07166666666666667,0.06944500618245486
1986-07-01,45.72594523361404,45.57574808671863,28.949946960479174,28.68962700815575,8.294694835176331,8.44245369619035,108.96578689709624,110.02959730337496,49.09537711023603,48.941835075319986,19.690294008809495,19.523462890451427,2.6268174392562037e-05,2.5686893898050423e-05,0.055233333333333336,0.07200647743752435,0.05920270079894041,0.07663512638529388,0.06966666666666665,0.06809634010096056
1986-10-01,45.83748811126896,45.88147542954682,29.05970266776875,28.916689917091027,8.287063938662214,8.460391459734849,109.46355253021996,110.35504113922018,49.30410935041714,49.19971033577583,19.65073693422269,19.580685500654123,2.6626516017186207e-05,2.5866760070488925e-05,0.05353333333333333,0.0707361914341404,0.06239008419083247,0.0756186360389208,0.06833333333333333,0.06679332825323227
1987-01-01,46.01773972076651,46.1812793631926,29.07454236741082,29.139265683179257,8.48986580997597,8.47287807094302,110.43671578306467,110.66583343993409,49.47453633887697,49.452695209971345,19.591163803296126,19.63735455119524,2.678302494112801e-05,2.6031938407208993e-05,0.05536666666666666,0.06966480858113859,0.05661647627466304,0.07468241507199919,0.06599999999999999,0.06555290731810867
1987-04-01,46.379926717484686,46.474238884195586,29.46494116806297,29.356663701734938,8.439862041212006,8.479864798414422,110.72497353251667,110.9583308568957,49.71967314163487,49.6997374756653,19.677859611823557,19.69367338145603,2.674750505193534e-05,2.618117291301101e-05,0.05656666666666666,0.06877966425741897,0.07079681397854287,0.07381814725869448,0.06266666666666666,0.06439297647760353
1987-07-01,46.657850937017876,46.75931236083913,29.777374782619944,29.56813808461207,8.372107587971536,8.481324123500297,111.19248875491192,111.22871693245943,49.95331124134405,49.9397814160396,19.70926879792539,19.749818679675286,2.6639904858937843e-05,2.6313681618526755e-05,0.06043333333333334,0.06805915750318499,0.0686126872985442,0.07300622516142374,0.06,0.06333171434665674
1987-10-01,47.341963527377494,47.035380415148936,29.786487433856788,29.77299734173246,8.947140802915932,8.477214253224368,112.08019622896173,111.47300475738491,50.17210475426069,50.17176820473966,19.86474541231606,19.805959250982774,2.6658561334669215e-05,2.6429057447176275e-05,0.058633333333333336,0.06747405423514587,0.06709175371096054,0.07222515300930395,0.05833333333333333,0.062386220596576364
1988-01-01,47.45752870571937,47.30124184786384,30.23192409188595,29.970671262224887,8.498970585761647,8.467435796196511,111.88483160385296,111.68716790024138,50.51287262649936,50.39463362478466,19.88865572971968,19.86224032649523,2.6841985689411646e-05,2.652712831695436e-05,0.05723333333333334,0.06699035422990468,0.08325185779314538,0.07145068907028777,0.057,0.061571512577203794
1988-04-01,47.970481343717715,47.555871731033946,30.424683174994758,30.16059219435236,8.637630659544133,8.452186087183529,113.21425438180128,111.86755267496511,50.75099267552838,50.60730163287568,19.917053395751765,19.918845689611477,2.703550745051077e-05,2.660790084758917e-05,0.0621,0.06656853181350089,0.07807410270098547,0.07065538323776643,0.05466666666666666,0.06090007458384091
1988-07-01,48.13401092353698,47.79833336241694,30.63159897854618,30.34235256150905,8.583018681459889,8.431691606203986,113.2280906385969,112.01063541100578,51.00709104425074,50.808760514893294,19.948188379469272,19.975977811701007,2.689714986618207e-05,2.6671614900807873e-05,0.07010000000000001,0.06616296317391361,0.07844495242445682,0.06981916113558298,0.05466666666666666,0.06038153371642889
1988-10-01,48.66692710447057,48.02794451263604,30.95623308535299,30.515711624557735,8.677453215834039,8.40630095785548,114.2459934569996,112.11374895963318,51.25080757862919,50.998082112947486,20.01863044544213,20.03384036311965,2.68404483119489e-05,2.6718813704596806e-05,0.07726666666666666,0.06572523166673855,0.0900128724472502,0.06892658508724496,0.05333333333333333,0.06002162119496065
1989-01-01,49.023633337357985,48.24423479745778,31.045737223878742,30.68061563990504,8.943996222543234,8.376461026576617,115.05888140169618,112.17501584629561,51.47978777599336,51.17445950007462,20.041344832096723,20.092621908502096,2.663693794311923e-05,2.6750217486084144e-05,0.08539999999999999,0.06520938129558768,0.07991470022550229,0.0679676085358155,0.052000000000000005,0.05982249644752302
1989-04-01,49.29067375762234,48.447140007549734,31.210463179464043,30.83729632875199,8.791555702558142,8.342786008822044,115.244927178638,112.19392137605396,51.798677597889004,51.33724470024269,20.085902972869395,20.152503698475652,2.6480280848448234e-05,2.6766655234225145e-05,0.08410000000000001,0.06457666946094798,0.0796092372488999,0.06694536385395773,0.052333333333333336,0.05978213872228934
1989-07-01,49.54290639235635,48.637096371586615,31.397481423870914,30.986229000403565,8.668017678186985,8.306227112033502,115.23639012378996,112.17177777543448,52.06264014278438,51.48598525817256,20.15377326045528,20.21363693148601,2.6732317530895787e-05,2.676891324244368e-05,0.07843333333333334,0.06380097269999666,0.07361910634436075,0.06587045034664085,0.052333333333333336,0.05989363820715321
1989-10-01,49.53015459231523,48.81508701896888,31.487813986565257,31.12814082425907,8.581962726509943,8.267994090051026,114.97917311149702,112.11182228003754,52.28874531217746,51.62052506917417,20.147291095398074,20.276132791792147,2.700303352447468e-05,2.6757621608012145e-05,0.07653333333333333,0.06286836963149786,0.06380856353647446,0.06476138223970589,0.05366666666666667,0.06014542958664016
1990-01-01,49.67258082344678,48.98268603069987,31.61637620301821,31.264037185939923,8.549887394984232,8.22949598091928,114.39254895331841,112.0192128467053,52.18269922601502,51.74107961047383,20.286925284628257,20.340066261882605,2.6886135129898543e-05,2.6733407729853887e-05,0.0776,0.061774084099611534,0.07099248976841244,0.06364151666899243,0.053,0.060521222354729565
1990-04-01,49.74849501621128,49.141944943863805,31.58030478426093,31.39517208608057,8.469891896959195,8.19230708889393,113.6425214246398,111.90088853242307,52.381230940648344,51.84829575237634,20.377890078020393,20.405432117599034,2.6754715091181116e-05,2.66970684572123e-05,0.07746666666666667,0.0605218805508113,0.06462269473491089,0.06253361525865057,0.05333333333333333,0.06100067677857583
1990-07-01,49.66656517653243,49.29537931071153,31.762043535746827,31.523045291360056,8.263440543822597,8.158168378202637,112.79382961557909,111.76524517798337,52.54166870967997,51.943113156987316,20.4218285132528,20.47219173766341,2.675557416446551e-05,2.664950858836362e-05,0.07476666666666666,0.05912541462900855,0.06574529443821531,0.06146503399101755,0.057,0.0615587523613617
1990-10-01,49.08142519481467,49.445918970042186,31.615475033419543,31.64929965236457,7.744281643347464,8.128963144825388,112.01205597000781,111.62172694293866,52.62347039819455,52.026820883888654,20.261638764018183,20.540288782850695,2.6683881638614993e-05,2.659167756080989e-05,0.06989999999999999,0.057608932469437074,0.058630284107144215,0.06046443452310321,0.06133333333333333,0.062165616516616604
1991-01-01,48.747817633760775,49.59676370647639,31.28784171221887,31.775755436707797,7.468001938273994,8.10661909546743,110.66539431949849,111.4803718131529,52.60307114270277,52.10109755898891,20.28550959439603,20.609634542778544,2.669298452080274e-05,2.652459551978808e-05,0.06023333333333333,0.05600645598985422,0.036280333487785255,0.05956315367469694,0.066,0.06278858743764415
1991-04-01,49.028523295010025,49.750922694980325,31.424190236359216,31.904241013008235,7.4143888016870445,8.092811377197812,109.76425453666947,111.35141059135461,52.52062035077366,52.16800928870256,20.52230242011335,20.679962646905455,2.6746900867907806e-05,2.644934054674088e-05,0.0556,0.05435968902522394,0.037931543965104675,0.058791381921578054,0.06833333333333333,0.06339446314075833
1991-07-01,49.15631853056211,49.9109042707983,31.471682128195628,32.036304643560044,7.504818701199009,8.088812158797468,109.36352608932442,111.2445192842805,52.4056530025504,52.22994979210595,20.640594262828277,20.75079752750857,2.657710416808068e-05,2.6367091762551307e-05,0.05376666666666666,0.05271297720884982,0.03290326773598151,0.05816475797690912,0.06866666666666667,0.06395204877512466
1991-10-01,49.19153817131955,50.07879234586811,31.40976461392213,32.17321584190875,7.68581368522342,8.095480693170444,108.8791771016303,111.16834917693267,52.30046784781182,52.289546423565504,20.72963404794939,20.821557481660253,2.6430581981882712e-05,2.627920438607502e-05,0.0454,0.0511114413683947,0.03415876640324278,0.05768588315512988,0.07100000000000001,0.06443323628377892
1992-01-01,49.67055450508202,50.256222751735756,32.00784638737409,32.31590776523672,7.468940612595722,8.113339130365079,107.98201184778186,111.13036451582015,52.27342244495051,52.34954916386336,21.04818170620924,20.891583328967624,2.6501726395381314e-05,2.6187150476275553e-05,0.038933333333333334,0.049600860887432555,0.05856082850874733,0.05734157033927953,0.07366666666666667,0.06481286424593923
1992-04-01,50.09641139487964,50.44429465586287,32.172968315675526,32.46484455547973,7.843259418026937,8.142694792946573,108.15180186367395,111.1366086735112,52.1913691949849,52.41272759273883,21.218635592872797,20.960149168161166,2.630125669431332e-05,2.609247838554258e-05,0.0368,0.04822344549868216,0.05824597930394515,0.05710392796442734,0.07600000000000001,0.06506987546814627
1992-07-01,50.455702543430874,50.64375747811106,32.478521581385145,32.620305721995415,7.869291655853465,8.183483337557904,108.05657132933722,111.19117745261826,52.18283206668343,52.48181729348805,21.384280158688835,21.026618083440766,2.6132058132949314e-05,2.5996909846442484e-05,0.030833333333333334,0.04701473773014095,0.06385220834531968,0.05694582650199852,0.07633333333333332,0.06518874638345375
1992-10-01,50.82633073952521,50.855158101834924,32.76843006640619,32.7823933542887,8.048781938615699,8.235492505833857,108.40821212925964,111.2963405810684,52.161628179567046,52.559430694696424,21.498975460472373,21.090507391049954,2.6056775328186425e-05,2.590227105693008e-05,0.0307,0.046003140456369655,0.07679263565891459,0.05684085020550539,0.07366666666666667,0.0651607847527477
1993-01-01,50.78217392618773,51.07893981186561,32.82252365674009,32.95112412663239,8.178843616440211,8.298344518528923,109.09552747853071,111.45245125863828,52.213606576669676,52.64801096946929,21.384780842210855,21.15155263581988,2.5771195303414992e-05,2.5810445436560106e-05,0.029600000000000005,0.04520694317418103,0.060753570199597595,0.05676689981711243,0.07133333333333333,0.06498426370375786
1993-04-01,50.960221955562645,51.31554184189784,33.070037562185824,33.126508391485274,8.191422006527338,8.371568124179483,110.08683077496637,111.6580987714626,52.30742449056395,52.74977298162043,21.32055353190532,21.20974196147401,2.567268606048182e-05,2.572338573694635e-05,0.029666666666666668,0.04463487091760257,0.06326816919574751,0.05671434594489243,0.07066666666666667,0.06466277254041014
1993-07-01,51.06899905950914,51.56523034159181,33.297440812502195,33.30847733591616,8.131832002008865,8.454631059064312,110.44797628172932,111.91043295031592,52.38414909953268,52.86668341514106,21.309691379383604,21.26521057083491,2.557593839240197e-05,2.5642995554226564e-05,0.030033333333333335,0.044285894381177915,0.06156134025996418,0.056676050865907254,0.068,0.06420386873514897
1993-10-01,51.61703245397705,51.828058185011486,33.50486351480924,33.49692674370885,8.486454446693621,8.546889966054891,111.1787694256471,112.20564282668478,52.43268137914829,53.000458767207164,21.43929108957669,21.3181658496566,2.5515839516843062e-05,2.5571126811315263e-05,0.030600000000000002,0.04414962913179385,0.05698498214039027,0.05664897299675055,0.06633333333333333,0.06361886219424763
1994-01-01,51.994537909411996,52.103770809109754,33.76758088525782,33.69174466493777,8.780718385650768,8.64748310188181,111.59352281984269,112.53900134336178,52.591976061658734,53.15254241603791,21.52102155469728,21.36884631680536,2.5405937341684866e-05,2.5509575530061782e-05,0.032433333333333335,0.04420678288568225,0.06246857408239759,0.0566331240598872,0.06566666666666666,0.06292143540601994
1994-04-01,52.582243515025745,52.39198043423367,33.98006925780837,33.892822940707504,9.17820298963034,8.7554830626693,113.16031756656758,112.90511521358715,52.82644822864272,53.32405195777291,21.534373349665646,21.417569563961155,2.5278221282988302e-05,2.5460096380466244e-05,0.03986666666666666,0.044429594840867594,0.05987940472291875,0.056628725783496855,0.062,0.06212696740324165
1994-07-01,52.747881821144766,52.69222661127201,34.196632219987634,34.10009991107274,9.006470172755856,8.870008939479861,114.18435450548054,113.29795159328754,53.12697748792466,53.51578335821198,21.433483875435034,21.464752026039744,2.5086945813957447e-05,2.5424380657714553e-05,0.04476666666666666,0.044782945789404144,0.059184491671734785,0.056639647052023255,0.06,0.061252552988226364
1994-10-01,53.20321933633937,53.00416262575857,34.444902787465836,34.31356852951228,9.33119159108809,8.990402395758881,114.33516396698207,113.71157235466032,53.36764032766619,53.728249050255386,21.56582380194964,21.51088744448011,2.4876926171844005e-05,2.540401646299141e-05,0.0528,0.04522886469323731,0.06019833279555131,0.05667178842424728,0.056333333333333326,0.06031520760866073
1995-01-01,53.31558681897111,53.32747225143626,34.46339654188913,34.53328343858537,9.409506420539092,9.116057330030158,114.71819928902485,114.14051897547527,53.75365667616238,53.96174411973338,21.51011354951913,21.556454460484787,2.4744040322026627e-05,2.5400400435586542e-05,0.05736666666666667,0.04572937033986078,0.052196788599035315,0.05673264098683712,0.05466666666666666,0.05933116386661373
1995-04-01,53.3636343489559,53.6619601802594,34.728322237394096,34.759384431006445,9.178942931573024,9.24654792035865,114.29413847548058,114.57964720390258,54.1091419126972,54.21636101236595,21.53165552936427,21.60197034037388,2.4806603116866483e-05,2.541462668025637e-05,0.055966666666666665,0.046251213476334985,0.05347795923396226,0.05683189991669303,0.05666666666666667,0.05831416569273229
1995-07-01,53.67893503779142,54.0074211256845,34.923660980899896,34.99197137048081,9.10527483675348,9.381607875496076,115.32179736502555,115.02409822909347,54.36744790906274,54.49208221201428,21.497362052279975,21.647927641241548,2.5055118527251995e-05,2.5447411487197813e-05,0.05366666666666667,0.04676841815992463,0.05173855786141979,0.05697642548297291,0.05666666666666667,0.057275041706913346
1995-10-01,53.895828675226824,54.36345710799026,35.05637836893074,35.23112775162171,9.257949312918372,9.520909282148311,115.29271182020351,115.46875783003267,54.588922835202396,54.78884103371907,21.557067796982537,21.694778918920896,2.5107885918245392e-05,2.549912845353683e-05,0.05260000000000001,0.047261080606138324,0.04743227948295248,0.0571709817419079,0.05566666666666666,0.05622359084216252
1996-01-01,54.18414201013403,54.72945245190482,35.33063510702767,35.476896582226885,9.333283102360102,9.663921292060623,115.2603478742717,115.90861970827376,54.87355877102699,55.106508354000354,21.636921893836,21.74288585336769,2.52417343091709e-05,2.5569947163890253e-05,0.0493,0.0477136084358014,0.05515321949738783,0.05741705908246569,0.05533333333333334,0.0551692317970853
1996-04-01,54.949489990281634,55.104478237059865,35.71137450077124,35.729211478011784,9.702632843220528,9.809906181533336,116.05606387573566,116.33849115157348,55.14491823601501,55.44484201122703,21.80695215035415,21.792526726870513,2.5378190598171025e-05,2.5659832685467605e-05,0.050199999999999995,0.04811374609436037,0.05815012904346473,0.05771006120470211,0.055,0.054121035192677455
1996-07-01,55.284782233308135,55.48723299298972,35.860930888413776,35.98791151713072,10.023985844232369,9.957861765721503,116.69043526979144,116.75269632968678,55.480052470411636,55.80346133153124,21.816099469522374,21.84391587646404,2.5460817527956627e-05,2.5768582254123095e-05,0.05096666666666667,0.048450229521989366,0.0551833670690276,0.0580439769089323,0.05266666666666667,0.05308817421339493
1996-10-01,55.690768844778745,55.87628023617666,36.09052683347811,36.252819863080546,9.979630949657642,10.106653439356739,117.67039144988011,117.14530774186545,55.87272842499599,56.181798840702186,21.803283395304238,21.89727900709667,2.5590820030041715e-05,2.589584987751067e-05,0.04976666666666667,0.04871309856755355,0.05876745940931505,0.05841307003787064,0.05333333333333333,0.05208037139669823
1997-01-01,55.79037271205876,56.27001371168757,36.24625826770924,36.52367364732147,10.156521652313662,10.255120427019163,118.11018618489153,117.51029177358478,56.14807387423711,56.57907773295286,21.75192030833898,21.952826923044856,2.5667209790824144e-05,2.6041123290790314e-05,0.0506,0.048893965853133464,0.058957844235047796,0.058809816553081526,0.052333333333333336,0.05110708583783113
1997-04-01,56.594425417268724,56.666663012264706,36.34811281713893,36.800098597979726,10.564540766854378,10.401953338242489,118.41753339510423,117.8418891704984,56.59656959185669,56.9943122010227,21.966913147326107,22.010713858259038,2.5847909477165533e-05,2.6203717344456672e-05,0.05046666666666667,0.048985102480871595,0.04803525486739879,0.05922691390948648,0.05,0.05017855973324777
1997-07-01,57.15271885320342,57.064101582811915,36.808468650311404,37.08153183851946,10.722545464554418,10.54570932884381,118.79768530355719,118.1346804248839,57.10471063068781,57.42622028270986,22.068298753547516,22.07096939482054,2.6069684611795118e-05,2.6382719885461046e-05,0.05046666666666667,0.04897984582425222,0.057763524728860816,0.05965715207930826,0.04866666666666667,0.049305801684087006
1997-10-01,57.4825921383089,57.460097088975715,37.13922400276979,37.367103868025815,10.784028368840898,10.684979028134597,119.02079840546998,118.38359091562923,57.623003683095,57.8732327758106,22.098624679506248,22.133596448238343,2.6317505206829115e-05,2.657699068660054e-05,0.0509,0.04887245923437574,0.05807225165769525,0.06008632624786832,0.04666666666666667,0.04849970869165438
1998-01-01,57.926133141164435,57.85241220912479,37.37844312941957,37.65574349203646,11.186886792144263,10.818405859256774,119.49261537791295,118.58396616135043,58.168522304304624,58.333529603417574,22.13881425786656,22.198596842760995,2.669754087419853e-05,2.6785175060737596e-05,0.05053333333333334,0.04865813532536905,0.053051984086447845,0.06049904808339409,0.04633333333333333,0.047770778297869576
1998-04-01,58.317566849988694,58.23876530669104,37.92112283945884,37.94620039713158,11.025270222546585,10.944648709836336,119.80260504191287,118.73157675449013,58.78008263469762,58.805074218602385,22.169611433979327,22.26595095739362,2.7065590388241336e-05,2.7005724181604677e-05,0.04976666666666667,0.04833333392433756,0.06603570982735807,0.06087867045749411,0.044,0.04712836239338662
1998-07-01,58.881813994181485,58.61686509738192,38.261126237793384,38.23700838041568,11.243156556057714,11.062560932303064,119.62638182564005,118.82280740036015,59.30926887530529,59.2856584028338,22.33536609793493,22.335601801661817,2.7328764142716036e-05,2.723699160806539e-05,0.04823333333333333,0.047895686857141614,0.062315082559638135,0.06120389182677878,0.04533333333333333,0.0465809144657567
1998-10-01,59.65510184100696,58.98441780452505,38.69329675613288,38.526640317452134,11.534126773376823,11.171028059177411,120.7396960163881,118.85477655803209,59.862420388621814,59.772984035014176,22.419884356195112,22.40743141808224,2.7876944663027685e-05,2.7477317685238e-05,0.04253333333333333,0.047343721782605534,0.064380845432507,0.06145663379746471,0.044333333333333336,0.04613493277603512
1999-01-01,59.99118538317828,59.33924940553332,38.895131906875854,38.81353907126892,11.811644928048832,11.269040698557207,120.09427850104434,118.82518625613142,60.41991745054777,60.264690281845404,22.551592493897864,22.48132058928156,2.8173608011155498e-05,2.772504455103241e-05,0.04406666666666667,0.04667617738860126,0.0665399831018667,0.06161951246997653,0.043,0.04579613584706943
1999-04-01,60.33021930185222,59.679568381018534,39.459127808552594,39.096208914564066,11.705685458813612,11.35581979962778,120.43690173002742,118.7330017387844,61.09134351584587,60.75839360675685,22.54969211774238,22.55715669478232,2.8400049488435186e-05,2.7978707017262707e-05,0.044533333333333334,0.045888785870219946,0.06825040642489077,0.0616769715770108,0.042666666666666665,0.04556911620205549
1999-07-01,60.94870286335267,60.00396779434082,39.8620661866399,39.37316615555764,11.915468999931573,11.430939981501135,120.85344300616256,118.57807671042988,61.69481801431005,61.25173002845286,22.65173026680782,22.634870020831126,2.863699200753462e-05,2.8237068359425645e-05,0.04649999999999999,0.04497564847835152,0.06891759968117972,0.061616530145408965,0.042333333333333334,0.045456718779284755
1999-10-01,61.767023921939106,60.31143699143526,40.34777109533314,39.64311971929634,12.185346444173577,11.494225350745982,120.99507996759722,118.36141958853464,62.32686794220499,61.74247038706575,22.856705421577928,22.714385427246594,2.8782525870000706e-05,2.849911085561325e-05,0.05043333333333334,0.043930019306050366,0.07279092165903189,0.06142981559879244,0.04066666666666666,0.04545997448608903
2000-01-01,61.13469718905743,60.60155595744679,40.45145485063525,39.90505843025262,11.922641763543213,11.545837824847245,119.91370515053248,118.0855331788592,62.315247592276414,62.22859707120026,22.75659812508595,22.795637522295088,2.8636995890260627e-05,2.8764030335468398e-05,0.055200000000000006,0.04274610516607193,0.08459089091516937,0.0611130185292425,0.04033333333333333,0.04557796211389644
2000-04-01,62.05506724879864,60.87482410146861,40.64397626720396,40.15839563901684,12.569921877658128,11.586404911132284,119.87342713778166,117.75461082332801,62.91702479857787,62.708402920932784,23.026652768338785,22.87864945577736,2.8847997736939878e-05,2.9031171063355254e-05,0.05713333333333334,0.04142217744243871,0.07724245386630368,0.060669430220128155,0.03933333333333334,0.04580676463674799
2000-07-01,61.92018414389497,61.13210364416271,40.92730297862241,40.40288317611958,12.362048853717223,11.616831531311599,119.44118759598581,117.37401102845482,63.65166727954094,63.18018990046099,22.937229726973033,22.963420270874703,2.8925429238601224e-05,2.9299771040722973e-05,0.06016666666666667,0.03996429120344444,0.07650359650908944,0.06011701562505958,0.04,0.046139187135696834
2000-10-01,62.100388873081855,61.37502509616586,41.17081858846262,40.638582329956826,12.30152834229494,11.63865443921532,118.65857271989553,116.95039959272495,64.31769714799003,63.642349805300135,23.018474813560015,23.050042039137264,2.9107048055976432e-05,2.9568922658562564e-05,0.06016666666666667,0.038388320989814664,0.0698259280638327,0.05948409783742584,0.039,0.04656398879723149
2001-01-01,61.74338743812125,61.60575233226216,41.25156308959322,40.8658951271126,11.62503264622852,11.653897092245096,118.2977348328621,116.49167607705921,64.9745934916381,64.0935360432606,22.85008641227594,23.138591879864904,2.9603148673545857e-05,2.983744534116906e-05,0.04816666666666666,0.03672276782693942,0.0569762218434362,0.058809241563668506,0.042333333333333334,0.0470660918158807
2001-04-01,61.9433987373101,61.82694659135827,41.15679778826512,41.08557580591505,11.530934035368539,11.665011478802557,116.82393212756284,116.0067109997335,65.40994330970366,64.53280223195365,23.05771942216687,23.229128377119032,3.0078305568581755e-05,3.0103820527183863e-05,0.0366,0.03500974420625678,0.04921683258314946,0.05813747515412067,0.044,0.04762569089317489
2001-07-01,61.49886227493584,62.04140118452725,41.02819973923271,41.2986450747969,11.286041234898896,11.674447597960853,114.99909262026853,115.5053664519856,65.79023350493702,64.9597442785199,23.0808360265815,23.321528331426038,3.053486059214723e-05,3.036632842551888e-05,0.0317,0.03329851505597964,0.0367087371465975,0.057512681321790285,0.04833333333333333,0.04822002275659295
2001-10-01,61.4723696324511,62.25202570704318,41.44487052926006,41.50619597829017,10.668341184523477,11.684580932564222,113.35213660521222,114.99785418453082,66.09444664891792,65.37451341918934,23.250656799862476,23.41555833373661,3.103911716595571e-05,3.06231778510803e-05,0.01906666666666667,0.03163933921419199,0.03883932688174463,0.056973167378078435,0.055,0.048824058076805496
2002-01-01,61.82377591347681,62.461428468166204,41.380478950928755,41.70917695895576,10.965623537338958,11.697548171723346,112.08226352914794,114.49389825777962,66.27588917634107,65.77780096283385,23.532844306350942,23.510828839467578,3.139796629876072e-05,3.0872631424819886e-05,0.0172,0.030081476447067833,0.03179521444261568,0.05654423816927671,0.057,0.04941283834359361
2002-04-01,62.049665226428175,62.67175994553253,41.649398596164936,41.90851973633327,11.018134706192217,11.714830668804751,112.08302685464237,114.00202670519177,66.52896977861592,66.17078089763754,23.58723767075314,23.606839679727553,3.14606494060992e-05,3.111316825850737e-05,0.01713333333333333,0.02866632860043895,0.03773012886506444,0.05623986489136647,0.05833333333333333,0.04996526501044038
2002-07-01,62.110221333944516,62.884796454564984,41.8277511814476,42.104968120126074,10.931432656119016,11.737448332680653,111.34277004700222,113.5291119141782,66.7479682862698,66.554979838876,23.684911579420348,23.70309631859818,3.180479595075257e-05,3.134356443895918e-05,0.016433333333333335,0.027427246597357714,0.04622099342648012,0.056058550600499926,0.05733333333333333,0.05046498150686411
2002-10-01,61.998636155812996,63.10194511629158,41.88545951050572,42.29911766453876,10.887764061888504,11.765984367758369,111.14413002601262,113.08071711156927,66.93418902605407,66.93219426019839,23.646747378588735,23.79908375077778,3.217271259309503e-05,3.156279531721923e-05,0.013333333333333332,0.026390373238834582,0.03974193440670515,0.055987229767812896,0.05866666666666667,0.050900861305084984
2003-01-01,61.87612427160255,63.324142227967954,41.90273197518124,42.49140075470248,10.854615889596854,11.800511057844716,109.78115242904754,112.66095815216276,66.83145329764993,67.30438950528071,23.802854857941803,23.894267200077756,3.230785343427784e-05,3.177011609870485e-05,0.011566666666666664,0.025574980130089985,0.04841490693384265,0.05600668839120743,0.05866666666666667,0.051266070597214705
2003-04-01,62.24053435023337,63.55163713597441,42.15178143186823,42.68199642533193,10.851666036840095,11.840536070739502,109.12206806408504,112.27269293264503,67.00070001289787,67.67358020331187,24.015668714200633,23.98800724286769,3.273642167811143e-05,3.196516464036828e-05,0.0104,0.02499217822640342,0.04837235587794386,0.056087559158984904,0.06133333333333333,0.051558629203716
2003-07-01,63.06674059879457,63.783761175965275,42.643251427970185,42.870713892374674,11.146475279363328,11.88494726955265,108.92466221422093,111.91694899763027,67.1409603183562,68.04152793880645,24.345293971621945,24.079597165305174,3.310094471034389e-05,3.2147927435834445e-05,0.009300000000000001,0.02464432328713974,0.057291370239964445,0.05619572989603582,0.06133333333333333,0.051781182317594945
2003-10-01,63.57563148285486,64.01900219815342,42.73638900525528,43.05702335972387,11.510087440612791,11.93197052106695,109.10086974224788,111.59277906265548,67.34268632902223,68.40960676875744,24.490238487787718,24.168337679099153,3.2755848720675425e-05,3.2318892017475785e-05,0.009166666666666667,0.024524650960272308,0.05894519947790422,0.056292266425200056,0.05833333333333333,0.05194248432193871
2004-01-01,63.91707529095912,64.2553717824121,43.14643957482598,43.24024297656441,11.547055466816023,11.979325448786932,109.4978913530882,111.29738527465327,67.83569102519893,68.77864838490325,24.501072035810882,24.253686836581117,3.2765185067153844e-05,3.247916744761046e-05,0.009166666666666667,0.02461680669172003,0.06364567420273914,0.05633891934453245,0.057,0.05205725969421923
2004-04-01,64.23636581200202,64.49057188571828,43.20553148032791,43.41947770432868,11.998998658924162,12.024425211079652,109.2817767945695,111.02645314976193,68.15595393239202,69.14882331336483,24.61449439241441,24.335298070168413,3.3103472865034175e-05,3.263017394683807e-05,0.010766666666666667,0.024894837187218306,0.06338871791766021,0.056299097335245796,0.05599999999999999,0.05214422719254061
2004-07-01,64.63600461114203,64.72205735898488,43.509818914362235,43.593760256891294,12.177171986191114,12.064367867538667,109.6382852407643,110.77459766603364,68.54994795144644,69.51970597134616,24.66544063890281,24.412977149469718,3.315535079072001e-05,3.277354958835253e-05,0.014866666666666665,0.02532313281498688,0.05912444905827652,0.05614077580033925,0.05433333333333334,0.052225194787698034
2004-10-01,65.08207615659845,64.94708702837498,43.892743856713615,43.76197515505297,12.417086412391063,12.096202285255236,109.85178690845395,110.53539883626037,68.96439433285079,69.89022993356045,24.75200394290936,24.4867043127422,3.322885352621929e-05,3.291126595004886e-05,0.020066666666666663,0.025857253836670157,0.0676276209639457,0.055836361155676,0.05433333333333334,0.052324380308491375
2005-01-01,65.62399408469327,65.16282967760608,43.95601438346915,43.92294011576997,12.778417568631674,12.117030485129028,109.77014396907346,110.30178646872746,69.45993621168098,70.25868941350174,24.907675393358428,24.55661985764695,3.306055256792611e-05,3.30455723545947e-05,0.025366666666666666,0.026446225222569848,0.06248874829057893,0.05536012461290543,0.053,0.05246731917031149
2005-04-01,65.75698041567932,65.36650569357437,44.27580687429782,44.07554207801453,12.601546641645418,12.124158985827517,110.08861781291985,110.06632482511219,70.02244518865112,70.62275480160501,24.84097096080296,24.62303377419113,3.295840685163345e-05,3.317895676130757e-05,0.028633333333333334,0.027035452826006428,0.06800413103643654,0.05469370692105713,0.051000000000000004,0.05268080238418977
2005-07-01,66.05459295317485,65.555596798111,44.57079551946461,44.21867894163397,12.721125243581163,12.115331607575358,110.06657963928936,109.82131021581775,70.48519181579341,70.97954283487293,24.8991790006558,24.686480366413374,3.3016636383156164e-05,3.3313957712290255e-05,0.0336,0.027569667776202927,0.0705940300615635,0.0538232042189592,0.049666666666666665,0.05299195388667613
2005-10-01,66.20341659392527,65.72781045963796,44.49580069522322,44.35136686118154,13.143407920615486,12.088647956013649,110.35277144825713,109.55912336359194,70.95290438932903,71.32573520521949,24.855588740323057,24.747637249097888,3.3075530092679066e-05,3.345301587359993e-05,0.038266666666666664,0.027994599877699446,0.059971207135460336,0.05274303166051185,0.049666666666666665,0.05342684711283038
2006-01-01,66.92971360522942,65.88115571419988,44.78737172397187,44.47283882315727,13.33627386872677,12.04266544152591,111.1716832445419,109.27237707594146,71.57340545127718,71.6576425449676,24.931705205190745,24.80732276945326,3.318868905920742e-05,3.359842504175879e-05,0.04393333333333334,0.02825974789267596,0.0641294427388126,0.051458086165766935,0.04733333333333333,0.05400947719319983
2006-04-01,66.8975346005193,66.01393703791857,44.88387533598522,44.58241926235418,13.177975129067939,11.976679006758205,111.19339678968711,108.95426815051204,72.18717725842697,71.97128188129945,24.842200712814282,24.866431355118078,3.3151676756356767e-05,3.3752281436804035e-05,0.04703333333333333,0.028321030625055567,0.060509737511557304,0.04997778226444817,0.04633333333333333,0.05476148914555297
2006-07-01,66.78349380210773,66.12511725827491,45.03742662956903,44.679632933684566,13.045571824787576,11.890858805278782,111.38368918925583,108.59926811480979,72.71834460116752,72.26256365606108,24.7088211131735,24.92594407501135,3.329114449252838e-05,3.3916463454091705e-05,0.04906666666666666,0.02814416286966176,0.05476749274843784,0.0483194540841374,0.04633333333333334,0.05570035539774583
2006-10-01,67.13333308460705,66.21422394129893,45.07909336582955,44.764199854615605,12.793059193775036,11.78618162877579,111.34676147048397,108.20333391482315,73.19828539016416,72.5274908757275,24.786475752242623,24.986836213962526,3.361171040391009e-05,3.409250962518965e-05,0.04903333333333333,0.027706554610510706,0.05271439969314251,0.04650701822444593,0.044333333333333336,0.056838280780251806
2007-01-01,67.0547882211777,66.28121498115088,45.15148032361569,44.836072682568066,12.567397510233098,11.664371926798394,110.92537078137433,107.76423520401808,73.52962788067504,72.76232452293034,24.77936719230404,25.04995572584184,3.3628059736892296e-05,3.42816000817871e-05,0.049833333333333334,0.026998692396491678,0.05186561149026847,0.044568421309150175,0.045,0.058181615734754014
2007-04-01,67.29565819848473,66.32664211220593,45.22508355731002,44.89541174211034,12.61245316028192,11.527772288689947,111.10581198297997,107.28175505420101,73.88894761802896,72.9637357685269,24.799769491737997,25.116033109608924,3.387472753423671e-05,3.448464518055913e-05,0.047366666666666675,0.026024392013195702,0.04888178993370906,0.04253548957544449,0.045,0.0597288951107812
2007-07-01,67.48904515373017,66.35156140862736,45.40498491742014,44.94258607143572,12.446582454845666,11.379231639749134,110.41792710564764,106.75767089344475,74.21923305842628,73.12888518791691,24.93268851277295,25.18563632159913,3.4121916487590166e-05,3.47021708091971e-05,0.04303333333333334,0.024801740896799318,0.04753280280939065,0.04044461000438642,0.04666666666666667,0.061470415248027876
2007-10-01,67.68880019808604,66.35765184795906,45.710528901782695,44.978182255613326,12.155692206680683,11.222151647750986,109.70893168856757,106.19611088834701,74.49676553270577,73.25553878866467,25.07862676455809,25.259140635913685,3.422959071045984e-05,3.493433843081435e-05,0.0339,0.02336216540513749,0.05407362903410573,0.038336136014757397,0.048,0.06338726692674432
2008-01-01,67.45032841817074,66.34731492289328,45.884565143171436,45.00308604439215,11.75820403251892,11.060415366149542,109.47214848144347,105.60339616332092,74.96681431902428,73.3421860145159,24.9703629393638,25.336767227658996,3.477116253879454e-05,3.5180954652954194e-05,0.020433333333333335,0.021748486641318024,0.04516305552636202,0.03625485114584201,0.05,0.06545128858431748
2008-04-01,67.66091648213342,66.32378741205193,46.105879593835,45.01864772221449,11.563463176739917,10.898255918648037,108.54473626390251,104.98788617895767,75.08459350355707,73.3881449110512,25.173390221738817,25.418627591652736,3.509220162607967e-05,3.544137967720833e-05,0.016266666666666665,0.020010111855070515,0.04661322223316278,0.034255374870061944,0.05333333333333333,0.06762470161630507
2008-07-01,67.1034674873696,66.29099395325613,45.75537996040216,45.02677177349421,11.251809656647485,10.740081748973884,107.0365595412524,104.36012270088513,75.11875693344244,73.3938042951762,25.190074736045162,25.504604076090043,3.5153770023906793e-05,3.571470183676749e-05,0.014933333333333331,0.018195626325307076,0.036811686173116476,0.032397894287576695,0.06,0.06986007036289965
2008-10-01,65.43829276845769,66.25368316807835,44.37870620654701,45.03004007269061,10.338435587357123,10.590440688917335,104.0628192322018,103.73257185232299,75.0700335978745,73.36066782878483,25.024697580492113,25.594423872379192,3.608476856596371e-05,3.5999764939717856e-05,0.002966666666666667,0.016351275677697077,-0.003038902541375066,0.030750320153147742,0.06866666666666667,0.07210102705911692
2009-01-01,64.65187544275695,66.21709906547643,43.972039809747194,45.03148930193372,9.02685435153018,10.453935410230773,101.37492172897704,103.11903760404537,74.99584188206416,73.29136371021967,25.156811173463833,25.687612385817612,3.724187422916424e-05,3.629502085498075e-05,0.0021333333333333334,0.014521266604789895,-0.018939181533808247,0.02938332184146498,0.08266666666666668,0.07428504139599575
2009-04-01,64.39228114235807,66.185962146209,43.90433767486706,45.03374711306035,8.344531356759296,10.334794968456066,98.85315690660047,102.53320353127852,74.45109730909192,73.18962014471201,25.534502117855805,25.783326279116494,3.7662963437057e-05,3.659892642095406e-05,0.0017333333333333335,0.01274144041850301,-0.03202084844335107,0.02834645046303426,0.09299999999999999,0.07634743658932969
2009-07-01,64.45221827206592,66.1639957028269,44.336770485542175,45.03877160459274,8.214015863765411,10.236165244773954,97.64449232366054,101.98736480611987,73.72969706544448,73.0602414204455,25.851413599076114,25.8803723723005,3.765564658724097e-05,3.6910480990065144e-05,0.0015666666666666665,0.011039895972459234,-0.02162322210736045,0.02765905556375186,0.09633333333333333,0.0782287743707065
2009-10-01,64.96243893127475,66.1537850815089,44.36133643070187,45.04780699129178,8.862117160007676,10.159799029779366,97.1751340595389,101.49126365962981,72.99962775401308,72.90881260125899,26.228990267552653,25.977382134995445,3.7628301191518435e-05,3.7229315947955914e-05,0.0005666666666666667,0.009437852053353145,0.009897504194533502,0.027302757127697575,0.09933333333333333,0.07988002432384557
2010-01-01,65.21669550235336,66.15683563673711,44.62071160513299,45.06165693719365,9.002751601228914,10.10612462158222,97.06450172203044,101.0517550473969,72.57801938230205,72.74131193198717,26.404627426126872,26.072948225851217,3.749039177909423e-05,3.7555518124790226e-05,0.0010666666666666667,0.00795060667956319,0.0292260729504088,0.027228373715406748,0.09833333333333334,0.08126347138181791
2010-04-01,65.70641659866159,66.17390879556535,44.77516598548126,45.08069481386991,9.425086809971077,10.074838405832285,97.7724919024168,100.67291466064302,72.13011878009124,72.56373401117293,26.53495982961598,26.16580050238932,3.7615049888811776e-05,3.788942882832554e-05,0.0014666666666666667,0.006587913378601143,0.041062966485550634,0.02737584560433152,0.09633333333333333,0.0823535587958255
2010-07-01,66.04816043067258,66.20518313548891,44.932215095354316,45.10501911079305,9.755662002964483,10.065057498664645,98.08137106467208,100.35632462645142,71.77799203527806,72.38192049349036,26.663972268327484,26.254859127342865,3.777635740546699e-05,3.823135903382795e-05,0.0015666666666666665,0.005355223215470722,0.036355090032543114,0.0276863616339459,0.09466666666666666,0.08313539848078996
2010-10-01,66.2224826147722,66.25055306315734,45.117210471007716,45.134538519398774,9.682571918011451,10.075622584964028,98.17216713399985,100.10182239170595,71.51894916855159,72.2013865097397,26.75210383364002,26.339262053375833,3.7941184850543734e-05,3.858145461201508e-05,0.0013666666666666669,0.004254786475980685,0.042509562222713626,0.02810966509427463,0.095,0.08360283971071891
2011-01-01,66.02415410935286,66.30982328714194,45.40914156326915,45.16905492451841,9.487496749320536,10.105300572562673,98.25364422543464,99.90792409990188,71.39126663380087,72.02721547011144,26.67428298777056,26.418394220178573,3.819894274168451e-05,3.893957415095177e-05,0.0012666666666666668,0.0032864855980967904,0.04517729573932305,0.0286009172305916,0.09033333333333333,0.0837569388022361
2011-04-01,66.34248360360476,66.38278897602085,45.513284827318614,45.208360431159456,9.796670063201438,10.152704515411223,98.96729044014188,99.77205131695787,71.12299451169733,71.86401612439118,26.71227916108613,26.491894212817144,3.869624803752979e-05,3.930515836720795e-05,0.00046666666666666666,0.0024483979449039708,0.04553941974766218,0.02912427922387597,0.09066666666666666,0.08360587529714608
2011-07-01,66.16332873405315,66.46907346195314,45.475653502348045,45.2523978849676,9.821699874672037,10.216114539932986,99.10747548723405,99.69070120299037,70.91522185367603,71.71596132956742,26.642911835817674,26.559560631355993,3.9949968467856725e-05,3.9677148871975436e-05,0.00023333333333333333,0.0017373384926550185,0.044101140557283536,0.029654272491674852,0.09,0.08316193898383537
2011-10-01,66.74942259347644,66.568280806303,45.54316148096034,45.301301689113295,10.550692989154353,10.293614413139332,99.61614861964499,99.65997022626541,70.7202472011213,71.5867331535335,26.81545565670902,26.621332141009965,4.048674830710619e-05,4.005405413979179e-05,0.00013333333333333334,0.0011488836355538282,0.03632511573967534,0.030175677914362757,0.08633333333333333,0.08244183264529646
2012-01-01,66.73918257107049,66.67982797645578,45.51763030638181,45.35534782024842,10.664721702525727,10.383030443743394,99.56999999517035,99.67567507312567,70.29346224147329,71.479497820193,26.876298081116083,26.677203421244517,4.064438169221823e-05,4.0434496936389146e-05,0.0006666666666666666,0.0006776697645797165,0.037990016285927686,0.03068230566485517,0.08266666666666668,0.08146653285265693
2012-04-01,66.8966943998745,66.8032482165011,45.42456321315439,45.41496632778003,10.883939246821383,10.482312339361027,99.58250702170814,99.73367135428774,70.34177905519789,71.39687693349504,26.931052289597208,26.72729476346141,4.103200995302062e-05,4.081732015501939e-05,0.0008666666666666667,0.00031769855177311195,0.03110994472228934,0.0311718093147084,0.08199999999999999,0.08025944836497434
2012-07-01,66.84933401595637,66.93811462281076,45.30232204282288,45.48069290537717,10.831040225946106,10.58953077490636,99.7354088091269,99.8297963480814,70.42500573407857,71.3407571155444,26.87403658373136,26.771855879962462,4.145922491947061e-05,4.120145532175093e-05,0.0010333333333333334,6.296479223824678e-05,0.02829969124211562,0.03164640975461693,0.08033333333333333,0.07884473802494003
2012-10-01,66.75741525752252,67.08406098717472,45.39439400591222,45.55307456564291,10.725989452406724,10.702940462874247,100.0,99.95982339636961,70.48965400169406,71.31238330922154,26.782305112514216,26.811269180137725,4.20480519180519e-05,4.1585930079202534e-05,0.0008666666666666667,-9.219361384883934e-05,0.03298277964686691,0.03210828920990498,0.078,0.0772476485200172
2013-01-01,67.15493428477893,67.2406671891495,45.49511610847711,45.632552332386425,11.058121698847254,10.820878371126694,100.1170279330991,100.11948174739086,70.51037004204517,71.31245393542362,26.918542213461667,26.845986536308615,4.243279327504925e-05,4.196990027985789e-05,0.0008666666666666667,-0.00015283228597392107,0.027948680303607087,0.03255753820682645,0.07733333333333334,0.07549435690973677
2013-04-01,67.1022788534274,67.40730812879728,45.36948441143836,45.719473563888045,11.151637792370863,10.9416233206139,100.28449069670889,100.30452689774212,70.64960222494146,71.34118347727546,26.849687619793755,26.876446761492563,4.2730835338686846e-05,4.235278493544203e-05,0.0005,-0.00012340755594744896,0.0259806061850667,0.032994793828158335,0.07533333333333334,0.07361151047330475
2013-07-01,67.46911767437531,67.58330261331066,45.39889344722873,45.81410515430897,11.490150802812249,11.063525813499338,100.6148811149389,100.51070215176279,70.78919014065553,71.39831639682774,26.920212344581515,26.903138300945898,4.301858754663691e-05,4.2734277382262255e-05,0.0003333333333333333,-7.73856873447637e-06,0.02891614395111919,0.03341781262048815,0.07233333333333333,0.07162690585019182
2013-10-01,67.78266414701626,67.76777360241941,45.56932950778526,45.91649915005546,11.51481055939052,11.184994364810056,100.70126162665952,100.7337175453234,71.00676887889655,71.48319517561553,27.001217796785674,26.926536567354628,4.341719841430326e-05,4.311430238881969e-05,0.0006333333333333334,0.00019074516042241405,0.031583143488591814,0.03381996726312647,0.06933333333333333,0.06956941581915628
2014-01-01,67.40289278028978,67.9597653401693,45.67669462684535,46.02644968386895,11.398293413115463,11.30463515178756,100.96388857784098,100.96931948135541,71.24632570557444,71.59480837761753,26.7729390154398,26.947130687305304,4.384091063419193e-05,4.349296546535291e-05,0.00046666666666666666,0.00046882728621943336,0.03129074627989148,0.03419181689246554,0.06666666666666667,0.06746835467613338
2014-04-01,68.1195452427133,68.15832260996355,45.97040442523217,46.14353336336262,11.821261169714072,11.42120498877622,101.45150460946329,101.21319923111237,71.44324873823824,71.73186868221511,26.946950496830087,26.965458976086268,4.41620168222114e-05,4.38705708565542e-05,0.0003333333333333333,0.0008235680809608606,0.04372643526824471,0.03452252263003849,0.062,0.06535288916550475
2014-07-01,68.74425238443366,68.36212890721053,46.23816879526986,46.26710484434253,12.040144309426564,11.533474709419822,101.89121205724867,101.46100523276245,71.71886420305043,71.89288689335248,27.081215397100323,26.9819525394566,4.4418119259614907e-05,4.4247656508339335e-05,0.0002666666666666667,0.0012520264665637525,0.04878283054994781,0.03479943242824558,0.06066666666666667,0.06325168497664599
2014-10-01,68.88360914376246,68.56982842973031,46.5093408472725,46.3964052554366,12.113502307996695,11.640426401569842,102.80066765585654,101.70849332687364,72.03851280450607,72.0762026768218,26.937866745738408,26.99703240398546,4.4793441544500266e-05,4.4624965833325445e-05,0.00023333333333333333,0.001750954968227898,0.046487383480499744,0.03501564668488595,0.057,0.0611913122432043
2015-01-01,69.14986372023895,68.78028887910085,46.44456406537467,46.53065084475363,12.472370901022058,11.74133220650569,102.48388374160824,101.95164754939901,72.23520321102892,72.28004960467027,27.070446115993295,27.011182810202413,4.548623439378097e-05,4.500337742797437e-05,0.0002666666666666667,0.0023164902612781554,0.04009224221362029,0.0351730054215848,0.05533333333333334,0.059196725462383165
2015-04-01,69.39516946841867,68.99256101513491,46.62796943837582,46.66912096148306,12.380356347380445,11.83574843254164,102.71458256116956,102.18709620407749,72.65882467156878,72.5026343998943,27.071340785437382,27.024852099257124,4.562899321819347e-05,4.538390758081582e-05,0.0002,0.002943820507517572,0.03733828484371293,0.03528051849546458,0.05433333333333334,0.05729025956123403
2015-07-01,69.44283623644164,69.20591563673462,46.838083440625574,46.81103303211735,12.334390161170957,11.923683256267514,102.80736715840044,102.41177146236171,73.02170017671905,72.74212706507811,27.02687541893357,27.038526607973004,4.5907402499809435e-05,4.5767912597580564e-05,0.0004,0.0036268527290025613,0.03464426936919707,0.03535027028664276,0.051000000000000004,0.055491834846727664
2015-10-01,69.36729518746321,69.41986691499079,46.91142913361152,46.95556956305191,12.131648918048814,12.005498416002977,103.0442616067211,102.62291216049152,73.3586204363287,72.99678224109454,26.913718239036076,27.05272272748942,4.642831088484191e-05,4.61569498641918e-05,0.0012333333333333335,0.00435777905997234,0.028516629058914056,0.03539563127920447,0.050333333333333334,0.053819523546942416
2016-01-01,69.54402402985167,69.63407170956592,47.161116601638575,47.10192018878808,11.981324829233484,12.08183535542312,103.0380280280013,102.81798749236411,73.5753974606376,73.26501389026379,26.955495754522527,27.067950661538568,4.735620904008914e-05,4.655271759412766e-05,0.0028666666666666667,0.005126774851710497,0.03402658610991938,0.03542953070666143,0.048999999999999995,0.05228859049317741
2016-04-01,69.5893473384261,69.84814956190154,47.251436265894164,47.24923671007337,11.884637176933033,12.153442721591121,103.18220808255067,102.9947186917215,73.81714883613543,73.54544601624632,26.917635721623572,27.084634644363767,4.772407426572832e-05,4.695714336199205e-05,0.0025666666666666667,0.005922062676921478,0.0337556556570231,0.035460598426137725,0.04933333333333333,0.05091212164784834
2016-07-01,69.82162764954495,70.06165869731385,47.44801162171045,47.39669747995597,11.846999524857683,12.221031858311768,103.20411647225012,103.15095890237035,74.00411101417846,73.83688114276052,26.97985940961423,27.1031296251098,4.8201094926880546e-05,4.73727275496951e-05,0.0029666666666666665,0.006730452540694067,0.03331019281890346,0.03549658745438441,0.048999999999999995,0.04970114760431259
2016-10-01,69.9808988583711,70.2739889771317,47.52539112412464,47.543471944246164,12.106776326424685,12.28516462603844,103.03637916235944,103.28467770314104,74.17391870493864,74.1382769859616,27.048303337876575,27.12368698673675,4.8562487012045824e-05,4.7802542909020075e-05,0.0043,0.007536657325610639,0.03904184885666462,0.03554418521892183,0.04766666666666666,0.04866571221323092
2017-01-01,70.39079087538809,70.48437184912895,47.945778894060815,47.688751574720484,12.066820836093962,12.346179551820475,103.55919255911053,103.39388188375811,74.68542571971187,74.44868191302015,27.05222494961584,27.14648195533707,4.9093827073332604e-05,4.825029781125838e-05,0.0059,0.0083230375480823,0.04412633518574283,0.035608712650623195,0.04566666666666666,0.04781542110801146
2017-04-01,70.63898073164772,70.69184522128707,48.05211425638733,47.83170682823426,12.27353990117261,12.404312173234931,104.12638025532578,103.47643111229051,74.93057245738198,74.7671525164633,27.020387805004297,27.17164359282593,4.9460042500901464e-05,4.872032398409644e-05,0.0089,0.009069930813691654,0.04012246228642691,0.03569767672013527,0.04366666666666667,0.04715925551859572
2017-07-01,70.98377793838864,70.89537737434038,48.153684365213955,47.971659869822474,12.387787324904684,12.459627288283691,104.04134230934415,103.53030144359039,75.20007393052148,75.09287938508568,27.13258509285914,27.199242888569273,4.9609217619777666e-05,4.9217663743521815e-05,0.010366666666666668,0.009756160329553745,0.039900124288172245,0.03582390791218929,0.04333333333333333,0.04670485370339934
2017-10-01,71.48765527677222,71.09389239077693,48.52905037823814,48.10806394705646,12.481238774959822,12.512110695192197,104.53736123647748,103.5538928999075,75.4888211450165,75.42514263118137,27.20432495666377,27.229256738042007,4.964654956825661e-05,4.97480493739468e-05,0.012066666666666668,0.010360443096025074,0.047811655818865484,0.036003002202495415,0.04166666666666667,0.04645767105280556
2018-01-01,71.75427319695591,71.28635920141758,48.684995429000814,48.24048133061648,12.648503964432662,12.561705160648307,104.74791203043937,103.54594842760396,75.66928225419173,75.76327756618608,27.247316338924602,27.261620742781812,4.9582056414083766e-05,5.031773469292434e-05,0.015599999999999998,0.01086187767992283,0.04759865526534446,0.0362531032019988,0.04033333333333333,0.04642105575696627
2018-04-01,72.20648265495574,71.47198420288227,48.85329559111562,48.368734155594005,12.696154398010236,12.6083356623027,105.10781183086235,103.50585090454013,76.02603637493402,76.10664788706255,27.312971023843115,27.29625515407311,4.9556610673294604e-05,5.093323263381667e-05,0.0184,0.011240629037795857,0.05480363427716228,0.03659973493015482,0.03933333333333334,0.046595361628292066
2018-07-01,72.38302715285543,71.65026089614129,49.06068907531774,48.49292208695954,12.892058078700861,12.651983126888606,105.14878393506137,103.43375982967765,76.3547605972557,76.45454642730887,27.33151197556034,27.333071392315695,4.973051578111323e-05,5.160095175952834e-05,0.020399999999999995,0.011479823452643041,0.055353852753806,0.03707551237645845,0.03766666666666667,0.046977137652678747
2018-10-01,72.36562263346087,71.82113941966091,49.0913722599481,48.613450081132044,12.92539777863932,12.692685875290815,105.14871041679794,103.33085597379294,76.71259560615024,76.80620207325101,27.28027354978331,27.371991366615116,4.9678486705579994e-05,5.232680676391842e-05,0.02316666666666667,0.011567061814314656,0.04607409322720457,0.03772442796749656,0.03833333333333334,0.04755839404833778
2019-01-01,72.88668878394795,71.98503005157163,49.12729293647285,48.73108285671086,13.194725792999813,12.730634781900022,105.26991671670484,103.1994045693731,77.34946201885735,77.16076630516707,27.37680155784344,27.41293601402899,5.027990743838929e-05,5.311589692833315e-05,0.023866666666666668,0.011495520123003075,0.035714021791802386,0.038601898092591846,0.03866666666666667,0.04832532198911439
2019-04-01,73.33015584025672,72.14268997093797,49.516682986761545,48.84689208408498,13.236954679622638,12.766170196519738,104.89332902121681,103.042807821889,77.79464906292162,77.51731558039259,27.552208219499505,27.45576861299701,5.0546732118082765e-05,5.3971960179732905e-05,0.023000000000000003,0.011265624131933398,0.03685306413099165,0.039768557681854375,0.036000000000000004,0.04925834698590693
2019-07-01,73.67133831336682,72.29544762094578,49.77473328530563,48.962207915905346,13.217298744586861,12.799924502701021,105.27527340222053,102.86574512556699,78.20600194831064,77.87502792338293,27.56415649242644,27.500329272655147,5.118073997205252e-05,5.489717211359343e-05,0.019799999999999998,0.010885531560920517,0.037628112915404355,0.04128323674270623,0.036333333333333336,0.050331857890037225
2019-10-01,73.85092897151686,72.44538344832812,49.8840647114222,49.078790994089985,12.942338658414778,12.832828382038839,105.35153491504875,102.67402087177982,78.59280786756408,78.23324066664631,27.570696651395345,27.54651772573522,5.189063726249443e-05,5.5891632452854564e-05,0.01576666666666667,0.010370734114696864,0.037863744036724656,0.043202943099100215,0.036000000000000004,0.05151195708596092
2020-01-01,72.99648672841323,72.59545132654183,49.06590761001745,49.19892489667939,12.751012071844189,12.866080594168828,103.97285828418251,102.47488803174785,79.19169785150658,78.59148726290505,27.413116584651434,27.594273261248173,5.311119271589926e-05,5.6952993436886336e-05,0.0111,0.009742295040769296,0.020030091373335335,0.04558240012259708,0.038000000000000006,0.05275599788028569
2020-04-01,66.36522612150874,72.74950351915108,44.25972434278952,49.32541769461135,10.790831095644716,12.900960954786564,90.10383563365248,102.27719259098127,79.4757408804966,78.94951901035793,27.319180352496986,27.643550126185737,6.031350876012617e-05,5.807604011750569e-05,0.0014333333333333333,0.009024650044489655,-0.09641206194721906,0.04847299418534362,0.12966666666666668,0.054011638606440524
2020-07-01,71.23507139331288,72.911676407389,48.168913522928285,49.4610242251346,12.498315238693367,12.93869087052274,97.50821139412135,102.09063901442775,79.23326605504796,79.30746000400435,27.88635602511701,27.6941884344527,6.21149495438151e-05,5.9252530349545294e-05,0.0011333333333333334,0.008243083396809304,-0.016218612090728612,0.05191014146651833,0.08833333333333333,0.05521731509917921
2020-10-01,71.88495926008997,73.08194956916232,48.422718208458306,49.60517346101837,13.130728000467261,12.979058409073412,99.64557508240028,101.91679083150021,79.42192815399936,79.66576760602342,27.723846963913097,27.745822605981566,6.340965011126711e-05,6.047492166641438e-05,0.0009333333333333333,0.007418134795735137,-0.012715889757771048,0.05583870498521689,0.06766666666666667,0.05635874758579322
2021-01-01,73.03137159656667,73.2592394366797,49.72578812539047,49.756468334378994,13.016749130777056,13.021568583735554,100.67680892389947,101.75428418510734,79.96907993338364,80.02486081931916,27.910968600818123,27.798204563774743,6.514178221066445e-05,6.173679590370798e-05,0.0005,0.006565900345484379,0.03922373496001019,0.06016096728956172,0.062,0.0574423538049704
2021-04-01,74.14658494393383,73.44169564090672,51.12996452650491,49.91274481726045,12.797633645058744,13.065815752975338,102.02670079335836,101.60033649769613,80.33057349171611,80.38501228113995,28.048599036769737,27.851070604914003,6.626492775961494e-05,6.303299299984086e-05,0.0002666666666666667,0.005698423149360262,0.20723834962222853,0.06473636430596089,0.059,0.05848161894482416
2021-07-01,74.45643047590937,73.62730698309609,51.23156075305165,50.07179371837238,13.155542523744764,13.11138629124428,103.6861981024221,101.45150942657773,80.59192984221244,80.74646436628738,27.840297544610646,27.90422563442412,6.675778008629082e-05,6.436001384507053e-05,0.00046666666666666666,0.004823955122950087,0.11691098650103073,0.06941124619061655,0.051000000000000004,0.05949287672233983
2021-10-01,75.58827598747682,73.81448292809522,51.504015462187084,50.23213445741273,14.11024334826124,13.157690538577041,104.14471279311124,101.30465095910704,80.92997698068562,81.1094294425583,28.141307367991683,27.957596556141265,6.748602812131388e-05,6.571606377515046e-05,0.0005333333333333334,0.003947353334039471,0.12995905129049978,0.07412102684055343,0.042333333333333334,0.06049278484266217
