date,gdp,gdp_trend,consumption,consumption_trend,investment,investment_trend,hours,hours_trend,capital,capital_trend,tfp,tfp_trend
1947-01-01,,,,,,,,,,,11.365064869599463,11.18872458556337
1947-04-01,,,,,,,,,,,11.326163043195635,11.264785881619966
1947-07-01,,,,,,,,,,,11.283496832691451,11.341475090280504
1947-10-01,,,,,,,,,,,11.389525089936164,11.418948372899408
1948-01-01,20.326692056409744,19.88590771644458,13.031809721589514,12.930005014805925,3.6104963402347114,3.4334439946964372,111.54288927225933,108.54736748929733,21.624674444901213,21.56231097595808,11.486545837131635,11.497329239140173
1948-04-01,20.61859558981917,20.10085427330347,13.173140817495476,13.022578834225122,3.807715635455274,3.458544830209902,111.25224066970286,108.70472503177669,21.780814004044462,21.70445617837177,11.641924213489684,11.576725805797121
1948-07-01,20.668834913294074,20.318402590741744,13.108611641165375,13.115879735977067,3.8877510218862423,3.483938654218175,111.67518368527676,108.8641628982334,21.95767456841398,21.847577880264325,11.608637766077347,11.657242208456468
1948-10-01,20.658438035993534,20.539194703501156,13.110414825150901,13.210073506303289,3.782485244786073,3.509950503675976,110.4584909509366,109.02912306920507,22.18377926198759,21.991771005628774,11.643886102426693,11.739026544461296
1949-01-01,20.341453011524223,20.764121533005348,13.078381136444365,13.30532597023725,3.190624733368074,3.537157602274156,108.41405956787675,109.20480890823116,22.3764382429092,22.13720240075823,11.57022526448633,11.822200060642837
1949-04-01,20.22142548468238,20.99418783691897,13.29802540635425,13.401744157627693,2.700725926900488,3.5663221837741648,106.34781744862156,109.39735004729374,22.39612199704729,22.284164249097444,11.643137430405702,11.906826741508445
1949-07-01,20.37412722830505,21.230168705932734,13.2751487452994,13.49929286947422,2.9527623237002456,3.5980013218105165,104.93160842998834,109.61242732124514,22.285444609954677,22.433107032452906,11.854268672666677,11.992810764114939
1949-10-01,20.145568040836284,21.472369258137483,13.417798275089696,13.597869637553728,2.7891309564605673,3.6321436151860516,104.20234801340314,109.85383627477768,22.239304413695493,22.584563840553702,11.783085859745512,12.079884253217081
1950-01-01,20.874754298856335,21.720547943337515,13.59697058821343,13.69722544203189,3.4749878527683675,3.6682453986464347,104.70899490452707,110.12241824565649,22.15304861177025,22.73898814730546,12.18771741299819,12.16768294267425
1950-04-01,21.454197185201764,21.973573735849097,13.80167833302501,13.79698882179838,3.8633853394013613,3.705172805423672,107.01482026601872,110.41539606053078,22.244930325786022,22.89662524512766,12.332046996204822,12.255641199567796
1950-07-01,22.234704139626036,22.22970819422088,14.467389100595216,13.896713569293434,4.23122697313286,3.7416195172424676,110.15309835450624,110.72649010724513,22.443175427439243,23.05735088999472,12.503923416533308,12.343189637003745
1950-10-01,22.71791286050424,22.486793046195757,14.055290687728741,13.995943626427952,4.859699867432749,3.7763265805700263,111.45133932981119,111.04718828935819,22.833406825079138,23.22061804316894,12.602466811279774,12.4297911251906
1951-01-01,23.089237865717894,22.742572428751753,14.376280315991796,14.094564801275725,4.4379439281065265,3.8082839043597168,113.64408809582012,111.36852172690654,23.375007820804775,23.385469153193565,12.54392219854712,12.514995362402201
1951-04-01,23.531426699410925,22.994837017406166,14.015454243455707,14.19249782450956,4.60814939488624,3.8370590232422055,114.76297782233975,111.6816715357675,23.771253948188605,23.550671465358946,12.628482716437968,12.598449534106619
1951-07-01,24.008311029080854,23.241505690605372,14.185322374642206,14.2898386469252,4.234839637131525,3.8625855208412543,113.59328089623398,111.97913673058346,24.146771063324735,23.714950522600002,12.899534571361032,12.679811357978203
1951-10-01,24.0139513359108,23.480757894883848,14.265653586592563,14.38657363573646,3.8486722876177977,3.885250120792826,113.42532360587694,112.25525190615176,24.37757400292907,23.877135898057073,12.872051309700355,12.758750755966531
1952-01-01,24.24449452204264,23.711195353238285,14.349746411719469,14.48262293816057,3.9169055515407227,3.9056817955839027,114.02560049999839,112.50531392041943,24.52463021769788,24.0362977205448,12.92388407143965,12.835069725631858
1952-04-01,24.263674356663934,23.931720962571042,14.589791814362963,14.57782827902683,3.5622297194156034,3.9245052972470025,113.39400607808365,112.72532603575335,24.677577153672505,24.19179752535924,12.952674322091625,12.908639634885501
1952-07-01,24.35985059413534,24.14155551833227,14.545182845557113,14.671943390548515,3.790771988644099,3.942367762451494,113.84991511054776,112.91223109816319,24.691634970773144,24.343289799963205,12.967559044509507,12.97938776739369
1952-10-01,25.07419462697169,24.340126948352985,14.99070903942797,14.76472406185341,3.9991685111245956,3.959689933936929,116.50526872259992,113.0633983910102,24.756699925552336,24.490728685453124,13.13718252964634,13.047270550065656
1953-01-01,25.30882084383708,24.527008103842345,15.083008287829292,14.855840389619942,4.022418216643965,3.9768030820485247,116.64553627769119,113.17680144656742,24.72974133189591,24.634290054935956,13.254797673025314,13.112238970115941
1953-04-01,25.447711980144305,24.70224344996713,15.132901380461512,14.945097526194226,4.034942347387392,3.994069173334782,116.59591731193808,113.25256547043776,24.881897802338138,24.77432497510377,13.302634679936043,13.174302495451833
1953-07-01,25.249225816964987,24.866391454830925,15.082625245089591,15.03244007689847,3.9654938327873084,4.0118851093766414,115.18531116660282,113.29299158799374,25.031514295436306,24.911256023414854,13.275833016805585,13.233563036533967
1953-10-01,24.782959048068808,25.020512947507555,14.968016036514275,15.117930983487375,3.6243721181109714,4.030680623003757,112.97894922738404,113.3024791571589,25.128663560458435,25.045585668045703,13.177644878428985,13.290207482770667
1954-01-01,24.579154311718952,25.165954173419962,14.99925119832347,15.201667853223368,3.5538977819513544,4.05086444684194,111.07215213232018,113.28662982088287,25.13539846693647,25.177905128703394,13.21343907200501,13.344454829919352
1954-04-01,24.53832452288891,25.30395634975371,15.117798123198241,15.283656681751744,3.5238320538630816,4.072583937537299,109.92500120165063,113.2508594629914,25.141591077619836,25.3088720507472,13.279662931306406,13.396458385041814
1954-07-01,24.75477407191361,25.435423671872467,15.214085243335115,15.36377619924006,3.7335772790381934,4.095655767973822,109.22995741940989,113.19919312288667,25.14814731535062,25.439131915960456,13.450921697253428,13.446292592413442
1954-10-01,25.159182175964315,25.560796486955876,15.426106953758305,15.441798633349864,3.911016879305355,4.119520783956314,110.24183658420708,113.13354885845447,25.18924837531514,25.56923810763078,13.581205908531278,13.493960644375118
1955-01-01,25.79659643164063,25.6800951941706,15.699919262991264,15.517398126705638,4.290471098441619,4.143367426889428,111.67028083441733,113.05332392161255,25.272980864629677,25.699570836921534,13.793215544844504,13.539470105404298
1955-04-01,26.11934353614574,25.79309142397271,15.89137612172066,15.590234307545803,4.503958994703513,4.166230073436478,112.71430108319048,112.95609486063364,25.434861551548778,25.830276464986444,13.850579151007594,13.582884721650693
1955-07-01,26.388357913398327,25.899632215998167,15.987485219190106,15.66007699266189,4.584738050798972,4.187213716864638,113.52326065120901,112.83858557552107,25.656904005954537,25.961232765816824,13.886028257946098,13.624428451996426
1955-10-01,26.47394583167041,25.999772589570103,16.028750356783984,15.726882341111569,4.777753413683676,4.205612586334589,114.5791101699936,112.69739268286742,25.902680269614468,26.09206347415235,13.801357722964635,13.664495762047354
1956-01-01,26.29973663342726,26.093879380325486,15.9178996589087,15.790812466809765,4.68304038605753,4.220952411837928,114.9646617576226,112.52956918853312,26.18936510763291,26.222191553834897,13.628032006557735,13.703649424415836
1956-04-01,26.443832963600443,26.182625987068032,15.939107623005228,15.85222279185302,4.566498542311845,4.233096069981388,114.90069016255578,112.33336631540075,26.44094494879439,26.350908716468695,13.661867644130691,13.742544681586114
1956-07-01,26.342119930225465,26.266828485182945,15.884696902234516,15.911555871918367,4.569503160699031,4.242187793220437,114.10539653418694,112.10856894610161,26.64975394862389,26.47747258068337,13.63331295907127,13.781796698131227
1956-10-01,26.69942620734738,26.347480299654656,16.087334496143,15.969316832640311,4.473165563282639,4.248581447728976,114.40497206309377,111.85656630357614,26.854130189302637,26.601184202876638,13.757869473722089,13.821976836993164
1957-01-01,26.801932758437925,26.42563660626027,16.082391982918153,16.026002129679174,4.434554608545429,4.252836354502189,114.21726585454839,111.57998825334909,27.03439626609263,26.72144141421223,13.793102256057878,13.863569350161704
1957-04-01,26.665002507138222,26.502586219060973,16.05328902593827,16.082189813517132,4.401017637463307,4.255655007339233,113.64345264730372,111.28302454840254,27.1902816416455,26.83779196188123,13.739954093603869,13.907024154911221
1957-07-01,26.83421437216114,26.5798684281154,16.159626686607705,16.138501721644026,4.440133754766298,4.257855172934086,112.70586223775408,110.97145520606702,27.31789445578652,26.949974358607864,13.87904075255009,13.952752848763325
1957-10-01,26.454589579966886,26.65914242276996,16.176350001591665,16.195550269510676,3.9579044035950246,4.2603464120384125,109.93920639080181,110.6524562702589,27.438948152425596,27.057946219728127,13.88403027159075,14.00106744037678
1958-01-01,25.683545549333875,26.742246586463082,15.924523361007182,16.253969855340003,3.6657034574732634,4.264152261886797,107.10471858400041,110.33419482014152,27.451540474768393,27.16189753684425,13.707976605954581,14.052238760545825
1958-04-01,25.784434626832855,26.83091403764581,15.99687350468575,16.314392072736457,3.5545390653693176,4.2701042206762505,105.26582168815915,110.02430029788198,27.40926314393097,27.262262143829126,13.925123631178465,14.106468850376322
1958-07-01,26.308584977696878,26.926223431834554,16.131086723354052,16.377248683263172,3.8987895418649265,4.278636563175903,106.24101897627945,109.72828010347732,27.336442397194133,27.359663916501805,14.13644366893018,14.16374474217576
1958-10-01,26.820452304643286,27.02860033247461,16.20448073974708,16.442776747127265,4.2951486919834005,4.289699398018607,107.42057344335876,109.44856118755614,27.32284438900473,27.454829613525618,14.310918194751613,14.223939669890603
1959-01-01,27.23251108034968,27.138087491045265,16.512988304240647,16.511061631120995,4.4379499862997696,4.3029966943623625,109.09382695959961,109.18534715878498,27.410281372368104,27.54848261027277,14.369450943780224,14.286908759021493
1959-04-01,27.744771327195313,27.25460101996003,16.748424054940383,16.582039679965604,4.744745377900909,4.318235786967537,110.75643210685024,108.93757244300001,27.532043968811873,27.641273561284642,14.474054095029894,14.352560331095983
1959-07-01,27.66534155721156,27.37811913640843,16.899794434144606,16.655648151842083,4.405407166454419,4.3352061896643335,110.04060516187735,108.70412995814151,27.729349515774484,27.73377505125971,14.457394772434487,14.420853867997637
1959-10-01,27.655528442522854,27.508930003590955,16.890590452971928,16.73192830267255,4.52680087582453,4.353952384398865,109.7107333612526,108.48504989337415,27.846065394134214,27.826498612891704,14.459224935429818,14.491825253420803
1960-01-01,28.0859834309788,27.647511579191917,16.891712300548356,16.811075718134315,4.993335159232339,4.374565354798809,109.6523331950466,108.28119409646273,27.88789958985813,27.91995987859255,14.681647947832431,14.565534906203796
1960-04-01,27.855434891896145,27.79444809639732,17.10245862823803,16.89339008750561,4.483804534162391,4.39724671094342,109.52236508607986,108.09418244263165,28.15562482699797,28.014693724735096,14.523711981035124,14.64202464952345
1960-07-01,27.902954974605088,27.95061593353347,16.985390180232713,16.979228672780543,4.417441114510641,4.4225701327357765,108.55534588907439,107.92647915452181,28.27624691514069,28.111222132887864,14.610719837454894,14.721411009172627
1960-10-01,27.448757838309998,28.116955446795764,16.972593124700172,17.069088373365833,3.8598696247323514,4.451180141226609,107.16969049490817,107.7814262925137,28.36695665814458,28.21016286157731,14.47717329566627,14.803738766333218
1961-01-01,27.533680735264127,28.294406097645975,16.89956456403377,17.163482037735964,3.9595661586746353,4.483739966760463,106.17682431087331,107.66275131167171,28.311880830261753,28.312246204945637,14.620028422623003,14.888984250281252
1961-04-01,27.91017488727745,28.48351097286219,17.0539711749017,17.26287468838845,4.22552446591929,4.520537120847894,105.58983952747896,107.5737997717006,28.29550927349337,28.41831200574724,14.876452023687362,14.976915147384808
1961-07-01,28.358950063288226,28.68434775774339,17.10197598062513,17.367576358980077,4.541966132965937,4.56152291549634,105.8840073741554,107.51699479634577,28.350336253624626,28.529213412791563,15.078125558507404,15.067122488305335
1961-10-01,28.8688415967489,28.89663744359304,17.382253450380354,17.47777433899205,4.620659439397518,4.606460877477339,107.06768309974125,107.49353099190697,28.524342782963053,28.64574086242932,15.206113957346544,15.159123891546583
1962-01-01,29.33713987573813,29.119892395720143,17.523964366081472,17.593494033674634,4.843682976926669,4.655099389111946,107.29040475941804,107.50360381480861,28.712173360726236,28.768586738580513,15.396513824695845,15.252432117975822
1962-04-01,29.493164560731365,29.353598076798644,17.707610209825518,17.7147035218623,4.750712019018544,4.707190215926166,108.16942223010795,107.5471732430955,28.888581492819686,28.898381335365062,15.363550393698375,15.346577450633653
1962-07-01,29.721032427248165,29.59736532207513,17.779758380690193,17.841328258707428,4.790290977343664,4.762595669954371,107.4506145984756,107.62409698864754,29.00984398828865,29.035734026587335,15.526713490875453,15.44116912433453
1962-10-01,29.651540245007652,29.850883793202414,17.94831538270766,17.973289157764842,4.599117191461239,4.821201727362891,106.17361098868334,107.73465185019903,29.106056057271857,29.181263489665746,15.593177469430376,15.535817354243704
1963-01-01,29.828137281210328,30.11391333869438,17.958287820624456,18.110467425786407,4.783128687517817,4.882908055787328,106.29308766525223,107.87903810150327,29.17199700225533,29.335588951574007,15.662173660710499,15.63017677050443
1963-04-01,30.032972975894527,30.38607968911663,18.046576116831986,18.252726193158708,4.84770465675326,4.947464287883409,106.50608880075862,108.0565026200613,29.298191284999263,29.499300270897653,15.725446335089392,15.723929996533524
1963-07-01,30.566655513460816,30.666813088193514,18.279642040200105,18.399828312813796,4.961856990792316,5.014542185158309,106.35614215827509,108.26531526587645,29.44208161108377,29.672902447159682,15.992103495850195,15.816772607942783
1963-10-01,30.6385007559672,30.955296529306406,18.274693596891833,18.551397954743894,5.022051413943475,5.083730302777203,106.73521895171083,108.50277964095753,29.605824112816272,29.85679084413224,15.961650392011833,15.908394500184095
1964-01-01,31.152066581892292,31.250617465022987,18.583704203294467,18.70697048564866,5.1379223190160515,5.15455922858559,108.33459151184952,108.76498905188598,29.77904101648503,30.051230326756635,16.040274267619086,15.998589387507021
1964-04-01,31.365776607931377,31.551624138013203,18.834791277829886,18.86588826936788,5.107729040976021,5.2264920742615955,108.36772999187043,109.04689684801238,29.98120352761399,30.256339407545102,16.10891208703195,16.087180876119305
1964-07-01,31.719937380314743,31.857055569652914,19.08712147835202,19.027392102969205,5.1625552425862855,5.2989500192812775,108.59613474228036,109.34314421827324,30.159017422461098,30.47207264688885,16.234887713886703,16.17401608055568
1964-10-01,31.677200559318802,32.16548120574799,19.033376733958644,19.190676206361715,5.223393065602276,5.371244366183142,109.17504874474537,109.64789185732948,30.34132448409533,30.698213584202094,16.123035989388796,16.258953764021204
1965-01-01,32.30925329218188,32.47532594559531,19.342205298815486,19.354944310063193,5.69592433734,5.442560654008092,110.41448593308338,109.95476639348772,30.538682604477106,30.93434441358285,16.287510317649026,16.341889427550434
1965-04-01,32.58510922426276,32.784639867446806,19.485350082239503,19.519272020903994,5.669753937204146,5.511947393273004,111.05708161982706,110.25702548677339,30.850542916336135,31.17981029062898,16.3066388581654,16.422631691511505
1965-07-01,33.19885308549965,33.091293594507675,19.75140426882411,19.682695524880263,5.8144723735715,5.578568391747502,110.95675898410222,110.54814141534199,31.167295520365982,31.43368516807444,16.56421145509101,16.50095255129137
1965-10-01,33.85120735038733,33.39295401917815,20.162567240353678,19.844198059564622,5.865939786163766,5.641655004990592,111.63580349401192,110.82202138106035,31.508210364750674,31.69480371833905,16.75891512305007,16.576547933910454
1966-01-01,34.58104992581534,33.6872780234017,20.431194957012167,20.002775068955568,6.266651166473434,5.7005629962060835,112.94223329632192,111.07277592171394,31.87075128638741,31.96179187031574,16.92335836472913,16.64914998838864
1966-04-01,34.603272565783215,33.972140215169034,20.426686452552254,20.157593768848677,6.168598037049891,5.754775858137404,113.73466396557083,111.29498488652956,32.316901151632976,32.23310939186997,16.775626424675554,16.71860276252278
1966-07-01,34.79641567668142,34.245919175480374,20.55979706221004,20.308069290655176,6.079071427150422,5.804117454454718,113.94257083952495,111.48436865966359,32.721280909148504,32.5071044427374,16.776073502414786,16.7849215195494
1966-10-01,34.9778186741312,34.507357424716375,20.570249224704533,20.453774600694086,6.122257888155082,5.848676666257113,113.30116406574795,111.63815947752367,33.084712239135705,32.78212096875216,16.8602157047108,16.848160057104092
1967-01-01,35.170640329217555,34.755527492598496,20.594720750107008,20.59443544528083,5.949932260155998,5.888731633595348,112.79494293835684,111.75513111653459,33.43518069964807,33.05658200293237,16.939986239786467,16.908369724386414
1967-04-01,35.06010542570063,34.989795213021225,20.791100124987647,20.72985044491574,5.678075056281113,5.924751496433843,111.68476078573512,111.83512209506527,33.71587493092353,33.32904977427138,16.946009347273858,16.96561236900979
1967-07-01,35.21864778994322,35.2097954000944,20.78834503923964,20.85982011008315,5.813989476911469,5.95726673912084,111.5039536506667,111.87865506993855,33.87876859868209,33.598280304293034,17.011854556837555,17.019972596736675
1967-10-01,35.32293640657947,35.41522306030534,20.76839857298509,20.984185740586266,5.917071435732568,5.986668960292119,111.50408471506958,111.88619560009892,34.082503176719825,33.86323722872297,17.026449623273358,17.07152566662168
1968-01-01,35.90445994588121,35.6057963902659,21.17410316575479,21.102746725420804,6.012641918389373,6.0132725013061235,111.26521497214483,111.85800990573912,34.3265477176556,34.12303379314426,17.287673804712426,17.120344411419886
1968-04-01,36.38044594598183,35.781193605257776,21.415832494812673,21.215168073446875,6.1887454941565325,6.037358260269188,111.9518377537937,111.79415929473372,34.60300310543839,34.37690093094759,17.39803564664716,17.16647577381464
1968-07-01,36.51398184141528,35.94129848753457,21.740455318303265,21.321160127402276,5.978604091201908,6.059215273808439,112.27818708992241,111.6943681899732,34.889520163458386,34.624182656205235,17.378659120031788,17.21007336663715
1968-10-01,36.48334324684697,36.08639118262557,21.669868960716435,21.420561299955377,6.058760844563825,6.079234011394489,112.43966426690557,111.55849493286134,35.08951008545512,34.864355120040976,17.313193951408017,17.25143822873205
1969-01-01,36.88938480715097,36.217136786745776,21.79950342000917,21.51347680850356,6.401943417123435,6.097761318464745,112.9809220477167,111.38679676828825,35.31184984293235,35.09705622150583,17.4127853628349,17.290980779329395
1969-04-01,36.85016671437918,36.33447892255789,21.851715725537147,21.600177574119826,6.307900383614086,6.1151368857285915,113.56294039558857,111.18011146370137,35.625895223825474,35.32206551044822,17.282634517825443,17.329154722271586
1969-07-01,36.935324284000295,36.43981003780994,21.82597963182307,21.681124839013048,6.367635045734214,6.13189178783491,113.62423857357997,110.94029047976716,35.897642541085695,35.539301719152704,17.270504464627223,17.366494475542645
1969-10-01,36.57828248973197,36.53487498654159,21.865853310921096,21.756950223027207,6.045237968814419,6.148682626503488,112.734132253199,110.67066837283348,36.15441902729102,35.74888211267201,17.148380833488652,17.403510084146294
1970-01-01,36.335871541135205,36.62175683417435,21.834879199450143,21.828389903866558,5.811008725641992,6.166318685806395,111.70146935719585,110.37622415499095,36.308617545087195,35.95116087334046,17.1114269952266,17.440655615911044
1970-04-01,36.19358367495553,36.702593012227105,21.754975972213348,21.89626174620284,5.8138619407326395,6.185553147747426,109.6411029460018,110.06317587737801,36.39338843504105,36.146762991282664,17.237859223382255,17.478227708449364
1970-07-01,36.320397506934256,36.77936399750771,21.853993202603558,21.961400449019717,5.815763607728398,6.206919191925693,108.47055293445831,109.73850350180095,36.4628373381253,36.336558598344354,17.407746340914052,17.516316929737375
1970-10-01,35.72094370418871,36.85374737030171,21.662135421291154,22.02456318556618,5.4717678415446915,6.230717697670824,107.01128349923779,109.408849129171,36.52470237688497,36.52159682612152,17.261585519184838,17.55486271810261
1971-01-01,36.48825709700515,36.927145408469066,21.831636695473176,22.086449128458366,6.0910943329348495,6.25700190734226,106.91687535220318,109.07998546124925,36.50809484472706,36.70303187434375,17.64530480907084,17.593735623038675
1971-04-01,36.4767417151433,37.0002498890896,21.869085426755674,22.14753613642278,6.225114152225136,6.285318179872864,106.65529069836006,108.75611029840054,36.64188846642925,36.88204566039173,17.64523925684152,17.632619383543663
1971-07-01,36.57442031376393,37.073481094840666,21.9134093862666,22.208146533255615,6.275206843788407,6.315100400688295,106.06715532358201,108.440014337728,36.809923086297715,37.05972156177077,17.72778421959902,17.67122726372809
1971-10-01,36.4535024609152,37.14693181237601,22.10365514878932,22.26843019981056,6.076446363195612,6.345734450196875,106.60193332827599,108.13313833198616,36.97901924918788,37.23701275940495,17.5832801566098,17.70927795135106
1972-01-01,36.7074879397266,37.22038028564207,22.041870974521633,22.32835226126291,6.352562261081866,6.3765692853285145,106.59236323553527,107.83541691785781,36.88478241130981,37.41473297956022,17.722643414696414,17.746523216107537
1972-04-01,37.34364485729205,37.29316378827745,22.333721248465604,22.387773599367158,6.68799059858866,6.406767542723108,106.80335040293325,107.54582834387192,37.085576235038985,37.59354828823311,17.97244222457625,17.782633509940812
1972-07-01,37.49675344985806,37.36429041142822,22.540454211289028,22.446372522801482,6.772314055714636,6.435461002240265,106.83972624622902,107.26258580863612,37.360548926768196,37.773800701804966,17.9955471065433,17.817261839507342
1972-10-01,37.94380141044472,37.43279253373254,22.85649596710057,22.503790102721574,6.844511232643408,6.461940414860246,107.44304209949777,106.9834588598128,37.66583006282741,37.95551599745286,18.091960419563218,17.850177340070776
1973-01-01,38.683261357157456,37.49777890545678,23.16819824643692,22.559722949216653,7.141726070986201,6.485693953715719,108.50040462278427,106.70597708331162,37.96383276714643,38.138458122859035,18.277024928967684,17.881259236284567
1973-04-01,38.902976461188366,37.55867133441788,23.127026485138686,22.614084821195036,7.379389353593941,6.506439681483858,109.07783289260182,106.42798080086332,38.324089690856624,38.32220284285429,18.257078412363583,17.910537130520453
1973-07-01,38.49831209727615,37.61562096847193,23.060704765233066,22.667166121121156,7.097350836170817,6.524289316111104,109.25040728616871,106.14843919910084,38.73017071217304,38.50620719394918,17.982154541510962,17.938286870901297
1973-10-01,38.668000616372986,37.66960920473015,22.889463414440094,22.71957882163188,7.356430425962183,6.539874692480114,109.24110727808404,105.86795969756679,39.05489179043438,38.689918945448404,18.009708158101454,17.96500168275484
1974-01-01,38.139731565704764,37.72217090227443,22.810756984461587,22.772185721863302,6.863703547057519,6.5541816340900105,108.21601185122141,105.58904433156795,39.42953975982061,38.872916335297006,17.81323782353352,17.991205483190413
1974-04-01,38.03607108189948,37.77546748355526,22.88101652314953,22.825963941889462,6.895737014513966,6.568689021047075,107.95193547877618,105.31623335528431,39.66888730472344,39.0549990673574,17.755409168263906,18.017453346463945
1974-07-01,37.48918268863948,37.83193298303284,22.812171967608826,22.88192412719904,6.512747779842292,6.585079049825746,107.03578401352682,105.05563416283533,39.91061836672962,39.236312122473,17.55995864961725,18.044191496631676
1974-10-01,37.15764433533872,37.894179325228635,22.277667189162532,22.941121752490044,6.534995145688517,6.605252333771267,104.74029650511405,104.81491555565091,40.04812771957747,39.41738779054489,17.630423754032122,18.071703351136605
1975-01-01,36.52775062732323,37.96462159313844,22.26744530747333,23.004580260110725,5.521849078134755,6.631091678782456,100.9571156724127,104.60290475910733,40.192528928333694,39.599190190253076,17.728638241277647,18.099966388994385
1975-04-01,36.614740512104504,38.045230304667676,22.466915589789107,23.07291296985297,5.392532317661011,6.664476133340481,99.55466321736051,104.42832926978484,40.08413586263641,39.783096059684254,17.95014059924759,18.12867791753489
1975-07-01,37.0303101183867,38.13707988580229,22.67948936934508,23.14627178498566,5.74337766602052,6.706575934452844,99.89185666568868,104.29757907895818,39.90917503116105,39.97087929274249,18.141769880682787,18.157298120345846
1975-10-01,37.34470596612362,38.24034791050328,22.812194523186086,23.22442689703817,5.855245024782811,6.7577250161612135,101.11512682407573,104.21394819336666,39.85874443255948,40.164536789923396,18.159655990249718,18.185171288138854
1976-01-01,38.00264499671697,38.35451722195787,23.169316618584,23.306851102243375,6.359314714419748,6.8176379985312625,102.29026875894608,104.17797013189751,39.84376741660773,40.366066166691056,18.343732179928605,18.2116280187314
1976-04-01,38.110298842111824,38.47850312031299,23.239412240418556,23.392749800066007,6.631135049067428,6.885430743884513,101.87041913582944,104.18827663415948,39.965927082773334,40.57731351077753,18.425189133946223,18.23597929007489
1976-07-01,38.13520015755731,38.610991440310634,23.424299042901605,23.481231043100248,6.6364528194347425,6.959902556492962,101.78644475608552,104.24237043023209,40.138129267246164,40.79983520460456,18.41937517653283,18.257615506787655
1976-10-01,38.240749271314456,38.75042212563437,23.57401222945754,23.571293093691935,6.675370535317056,7.0396484293439485,101.8825441564521,104.33633931121244,40.32100440800627,41.03483773561091,18.429683979095746,18.27604318360146
1977-01-01,38.52401383429824,38.89491441178248,23.79287640620719,23.6618830848071,6.979969806963073,7.12299318994167,102.51215508015552,104.464749032279,40.509375888597276,41.283140147944465,18.461858725060512,18.290869256754245
1977-04-01,39.08956077318067,39.042238014943415,23.880291656828906,23.751933620249115,7.409529848836123,7.207943847071228,103.98113517278861,104.62061996213446,40.753839070211605,41.54513312946138,18.521393932403754,18.301797164934772
1977-07-01,39.601304756863186,39.18989456326025,24.056533691074193,23.84044335304669,7.741541546282998,7.292318361117877,104.58350570655637,104.79572014410793,41.087888299331006,41.82073039835687,18.640214395852528,18.308638508899296
1977-10-01,39.42598636035096,39.335377589142674,24.1336360223717,23.92647699729051,7.692919374195387,7.373959482455338,105.14049277950792,104.98137381860087,41.51042444114256,42.10934436068195,18.427625343499493,18.311343778207842
1978-01-01,39.382122331538056,39.47640144400671,24.208484305773716,24.00922210928565,7.773569252951033,7.450896676901065,105.179257006515,105.16871561278181,41.912034162052365,42.40990841547403,18.340801762866896,18.31007161427262
1978-04-01,40.727623815818305,39.61070631264466,24.653261186168113,24.087986396110193,8.219890577008922,7.521288770279038,107.77918455641506,105.34891743684422,42.31767001172445,42.72094706337462,18.605918018660784,18.305055697842572
1978-07-01,40.95031937515962,39.735945851861466,24.65884753209411,24.16219557579967,8.418447044849778,7.583447450998386,108.18796903517662,105.51309835742597,42.80905246158389,43.0406259754889,18.586423197822118,18.296551024995335
1978-10-01,41.307620617707215,39.85044293544416,24.704266834934046,24.2316225016708,8.601150799505998,7.6360835805800455,108.98941888082928,105.65383377570917,43.327561994313285,43.36679923889725,18.580405812284546,18.285000522775604
1979-01-01,41.196952475377856,39.95326180132857,24.737330128293337,24.29634965351685,8.573435704016827,7.67841300384083,109.27685323469734,105.76532771714032,43.88053789081674,43.69710771410848,18.417001188420986,18.271027187357635
1979-04-01,41.06673518521023,40.04436664772711,24.68579184470448,24.356757690707454,8.546851310676898,7.710252482046853,109.16142514631815,105.84383778852256,44.41840249764177,44.0290941602283,18.293234231256477,18.255436130415585
1979-07-01,41.18424932468608,40.12450124373693,24.885441369276386,24.413508345693366,8.423783975567432,7.731994374229689,109.6658766456468,105.88780101676993,44.914191947245364,44.36034189454238,18.219763525842467,18.239121051245718
1979-10-01,41.074548699555535,40.19505875709722,24.956951420809528,24.467476880808555,8.26163178402633,7.744576581953416,109.33059953227804,105.89772750951148,45.33404239182989,44.68860773707189,18.148237023733863,18.222996224055237
1980-01-01,41.028692326435404,40.258106124809416,25.034831723329003,24.519841113075337,8.155642389043061,7.74939377027845,108.59313941055639,105.87648063318574,45.73948991696228,45.011933418371555,18.151247744562852,18.207960642251393
1980-04-01,40.02640233962128,40.316274048154554,24.392328414731576,24.572093806919355,7.430409393080061,7.748183643375037,106.19126069771102,105.82906085775616,46.119578081726,45.32871466966032,17.91518554715877,18.194863711646835
1980-07-01,39.813679334962266,40.37268962950167,24.58345210327025,24.62606053578293,6.900302939677605,7.742947255136149,105.26012748359761,105.76215650427727,46.29457523399888,45.63776596214849,17.89853853991263,18.184517406627524
1980-10-01,40.415843195576066,40.43031597702876,24.798298052273907,24.683469849112985,7.465342607342861,7.735486658578231,106.31295662803188,105.68267836950251,46.362791178073124,45.9383743274267,18.042785590559962,18.17755689142985
1981-01-01,41.06525448877395,40.49178042361404,24.786504669709252,24.746040580292135,8.14128082159477,7.727043902747966,106.54729334580648,105.59720911751853,46.569260519987346,46.2302302471769,18.278034708698463,18.174437967209986
1981-04-01,40.62693001336423,40.55971791646606,24.633146272336923,24.815583344313122,7.8342444851593855,7.718685035666118,106.27844754621911,105.51270448491202,46.94478998149829,46.513293436184185,18.06181365863296,18.175533835837605
1981-07-01,40.97483092339685,40.63714056604783,24.606684044689946,24.893959070724893,8.197167856323466,7.711723320026185,105.83421871602465,105.43668857431017,47.22628106642316,46.78774589174696,18.227966053519687,18.181285144271698
1981-10-01,40.39145912766627,40.72713082747933,24.308204630748573,24.98294447190504,7.921092497494477,7.707539365905413,105.00561107565815,105.37714140205676,47.588073280537785,47.054054552743615,18.012309185055425,18.192065095799123
1982-01-01,39.646310859951,40.8330191486686,24.38804216902553,25.08417067992682,7.123545205208516,7.707807109158666,102.90441444168871,105.34227849188987,47.88856929642568,47.312981077132434,17.874415500624906,18.208280926020883
1982-04-01,39.7057949376321,40.957974171719485,24.305644259785684,25.198878750852355,7.073947109000947,7.7143386295997765,103.07389532691576,105.34008604438256,47.97556056865365,47.56564640756896,17.870740561235138,18.230232790679533
1982-07-01,39.439028407535936,41.10446813576067,24.43522569076098,25.327904771795982,6.946908124166988,7.728584127228178,102.03025721544911,105.37703353879667,48.05350833657187,47.81356235936431,17.858332596491113,18.25801628895416
1982-10-01,39.33573611563333,41.27423680427889,24.803947957389024,25.471547285401765,6.3495814992362165,7.751605072637024,100.76493549026063,105.45820531521386,48.091156961788755,48.05853395844739,17.951702628121897,18.291505333766693
1983-01-01,39.74881770826249,41.46800665901158,24.999857468281327,25.62955714264757,6.471660983124265,7.783984019852042,101.12480302898435,105.58662302518854,47.997106361912614,48.30255673123201,18.110638890460745,18.33032458609317
1983-04-01,40.54698891947365,41.68530048729164,25.485278408315462,25.801269622791967,6.953928331116967,7.825368809787721,102.0445249759109,105.76237424242036,47.93894764714519,48.54768845710572,18.37370110118295,18.373884825703758
1983-07-01,41.241014083892296,41.92455563112239,25.93390626156966,25.985614343876165,7.291658934274087,7.874520971454507,103.80526966317152,105.98274971812006,47.99247753898297,48.795835564181594,18.474318994198793,18.421456123829806
1983-10-01,41.98074238538579,42.18347229480948,26.24686692101002,26.181301259119994,7.948704189713286,7.929608457591026,105.45222160492548,106.24269849692507,48.1262328964179,49.048556691996026,18.59612926470187,18.472303538919522
1984-01-01,42.62400287951046,42.459279212560226,26.374218965022337,26.3869774230985,8.625809777788177,7.988377160678548,107.03681225245663,106.535783728409,48.356826869456,49.30693131551845,18.667655117830364,18.525718926490377
1984-04-01,43.25102969152762,42.74901821103388,26.70694325658355,26.60129446583373,8.833300048611775,8.048523149416733,108.15387216770951,106.8550313737552,48.826416725556335,49.57147384754788,18.751336526543675,18.58106455677613
1984-07-01,43.551774997595565,43.049762593389104,26.8025679493864,26.822854993846516,8.944969960282313,8.108062557365052,108.32213638966913,107.19371842614747,49.325218838158676,49.84210408151831,18.795670997188388,18.637784512579465
1984-10-01,43.77606194851025,43.358823132575836,27.032422687224457,27.050282988280085,8.776641661417651,8.1654276309863,108.68405323785649,107.54585964020971,49.81596304750768,50.118266058488736,18.7863426870659,18.69542290051114
1985-01-01,44.1031541732896,43.67375045980677,27.48265960737843,27.2821424774544,8.443541947873273,8.219512945607157,109.30900922967393,107.90610220121052,50.28952432754855,50.399063241984685,18.793967259441274,18.753617126067546
1985-04-01,44.38533150711794,43.99228658635257,27.714578791911084,27.516935797318705,8.547010566202749,8.269561662906561,109.78342498047478,108.26973543137997,50.65424729002514,50.683387170907494,18.813401909494164,18.812057117635526
1985-07-01,44.94515612152135,44.312377494011585,28.217920517377078,27.753239511012186,8.423498257466624,8.31494539293101,109.80202624336724,108.63286221114853,51.02013850334988,50.97003466568693,19.000669948290906,18.87045426822466
1985-10-01,45.14573739863318,44.63215678704985,28.23479038151782,27.989705680134513,8.731766891588737,8.355203357122996,110.03026159161544,108.99247882143197,51.325521919581384,51.25775647523747,19.01995557918067,18.92851722951095
1986-01-01,45.34272867563827,44.95010273642967,28.401711561875377,28.225233384662555,8.685096959706813,8.389944475024187,109.31491755508655,109.3462738757057,51.59472587037487,51.545306524709524,19.14901705581215,18.986032707631377
1986-04-01,45.42207967432207,45.264975302044114,28.49491162813424,28.45884082136854,8.546476865191202,8.419014939824784,108.72670894063012,109.6925570343395,51.95552954717492,51.83145365816198,19.203025492018785,19.042842265217367
1986-07-01,45.72594523361404,45.575749951048216,28.949946960479174,28.689627632068802,8.294694835176331,8.442453605539235,108.96578689709624,110.02959903157186,52.26386429643494,52.11497119113218,19.263973842887367,19.09888774547673
1986-10-01,45.83748811126896,45.881476944125,29.05970266776875,28.916690415650493,8.287063938662214,8.460391306636994,109.46355253021996,110.35504244906015,52.494799088166154,52.3946851537674,19.224153952834328,19.154210759271184
1987-01-01,46.01773972076651,46.18128056208024,29.07454236741082,29.13926606942898,8.48986580997597,8.472877871154106,110.43671578306467,110.66583438460894,52.68536656996573,52.66949232016543,19.16471389451516,19.208956897880974
1987-04-01,46.379926717484686,46.474239801766586,29.46494116806297,29.356663988666288,8.439862041212006,8.47986456570487,110.72497353251667,110.95833148723763,52.95238649776161,52.938332351132985,19.248762422703795,19.26331743791978
1987-07-01,46.657850937017876,46.75931303099603,29.777374782619944,29.568138284899913,8.372107587971536,8.481323869717214,111.19248875491192,111.22871729630808,53.20847358670053,53.200137029579295,19.278566192216736,19.317458071606076
1987-10-01,47.341963527377494,47.035380870695555,29.786487433856788,29.772997467526015,8.947140802915932,8.477213988387865,112.08019622896173,111.47300489913653,53.45027646686307,53.45383056886221,19.42953160589504,19.371537254240472
1988-01-01,47.45752870571937,47.30124212001679,30.23192409188595,29.970671324986178,8.498970585761647,8.467435528622582,111.88483160385296,111.68716786055538,53.81298557781705,53.69832763561134,19.452959072975045,19.425690773161882
1988-04-01,47.970481343717715,47.555871849058626,30.424683174994758,30.160592204736727,8.637630659544133,8.452185823613195,113.21425438180131,111.86755249060214,54.074643160642886,53.93252761266814,19.4797283113765,19.480092338614817
1988-07-01,48.13401092353698,47.79833335336807,30.63159897854618,30.34235252928363,8.583018681459889,8.431691351952587,113.22809063859691,112.01063511477548,54.35360684639786,54.15539087498754,19.509414074552012,19.53493473458222
1988-10-01,48.66692710447057,48.02794440119122,30.95623308535299,30.51571155855228,8.677453215834039,8.406300716965962,114.2459934569996,112.11374858043237,54.620803954978065,54.36595923563983,19.57736694728181,19.590412688069275
1989-01-01,49.023633337357985,48.24423460583022,31.045737223878742,30.680615547990605,8.943996222543234,8.376460801975858,115.05888140169618,112.17501540921961,54.87119325591088,54.563394553742846,19.598786444410557,19.646707096336584
1989-04-01,49.29067375762234,48.44713975546774,31.210463179464043,30.837296217842972,8.791555702558142,8.342785802473607,115.244927178638,112.19392090256568,55.213481692642965,54.747017929556634,19.642062965664653,19.70399276093536
1989-07-01,49.54290639235635,48.63709607632845,31.397481423870914,30.986228876479473,8.668017678186985,8.306226925082095,115.23639012378996,112.17177728357629,55.50057170833062,54.91634663824598,19.7077218483871,19.76241641324939
1989-10-01,49.53015459231523,48.81508669544315,31.487813986565257,31.12814069240234,8.581962726509943,8.267993922963225,114.97917311149702,112.1118217846779,55.749909018657355,55.07119681330899,19.700356333160514,19.822087608372417
1990-01-01,49.67258082344678,48.982685691562935,31.61637620301821,31.264037050386417,8.549887394984232,8.229495833616966,114.39254895331841,112.0192123598114,55.64684322648611,55.21176063545034,19.835645239767743,19.883082891276494
1990-04-01,49.74849501621128,49.14194459966657,31.58030478426093,31.39517195027953,8.469891896959195,8.192306960877291,113.64252142463982,111.90088806334919,55.8684537690595,55.33866844330015,19.92335081051133,19.945403082347944
1990-07-01,49.66656517653243,49.29537897006728,31.762043535746827,31.523045158040844,8.263440543822597,8.158168268660456,112.79382961557909,111.76524473376864,56.050998312751624,55.45283992513658,19.96488455943397,20.00901926399883
1990-10-01,49.08142519481467,49.4459186398084,31.615475033419543,31.649299523607752,7.744281643347464,8.128963052732196,112.01205597000781,111.621726528605,56.15316027433935,55.55554323586385,19.80643974252657,20.073888382324593
1991-01-01,48.747817633760775,49.59676339194418,31.28784171221887,31.775755314017697,7.468001938273994,8.106619019667642,110.66539431949849,111.48037143199635,56.15467956385247,55.648437355778704,19.826895774767955,20.13993912547383
1991-04-01,49.028523295010025,49.750922400067445,31.424190236359216,31.90424089738603,7.4143888016870445,8.092811316477585,109.7642545366695,111.3514102452225,56.09375425201347,55.733571331134954,20.054943926227033,20.206929922755332
1991-07-01,49.15631853056211,49.91090399823826,31.471682128195628,32.03630453557567,7.504818701199009,8.08881211194122,109.36352608932442,111.244518973831,55.99782928931569,55.8133268419363,20.1671545972851,20.274417510833185
1991-10-01,49.19153817131955,50.07879209738894,31.40976461392213,32.17321574176941,7.68581368522342,8.095480659001725,108.8791771016303,111.1683489018714,55.90953544613945,55.890326533720334,20.251095739693756,20.34185669537716
1992-01-01,49.67055450508202,50.256222528225436,32.00784638737409,32.31590767285113,7.468940612595722,8.11333910777367,107.98201184778189,111.13036427511003,55.90051982428656,55.96732386846257,20.55972802801326,20.40862735127887
1992-04-01,50.09641139487964,50.444294457519995,32.172968315675526,32.46484447051805,7.843259418026937,8.142694780904435,108.15180186367395,111.13660846555584,55.83566786718321,56.047099698754,20.723251401458775,20.47404408173232
1992-07-01,50.455702543430874,50.64375730457913,32.478521581385145,32.62030564394373,7.869291655853465,8.183483335126681,108.05657132933722,111.19117727541946,55.84190920646661,56.13240908792507,20.883015993193787,20.537507715924622
1992-10-01,50.82633073952521,50.855157952320006,32.76843006640619,32.78239328249924,8.048781938615699,8.235492512164544,108.40821212925964,111.29634043235852,55.833573408808945,56.225892194402924,20.993133339537962,20.598568071845648
1993-01-01,50.78217392618773,51.07893968523851,32.82252365674009,32.95112406036964,8.178843616440211,8.2983445328558,109.09552747853071,111.45245113598851,55.89985979491703,56.33002682957568,20.88023319672444,20.656986000803833
1993-04-01,50.960221955562645,51.31554173678148,33.070037562185824,33.12650832996882,8.191422006527338,8.3715681458091,110.08683077496639,111.65809867237073,56.00843317560986,56.44706704303551,20.81646331354125,20.71276648960065
1993-07-01,51.06899905950914,51.56523025643562,33.297440812502195,33.30847727836092,8.131832002008865,8.454631087360253,110.44797628172935,111.9104328722758,56.09847227965641,56.579021970145895,20.804834283190235,20.766055359974114
1993-10-01,51.61703245397705,51.8280581181525,33.50486351480924,33.49692668936311,8.486454446693621,8.546890000418232,111.1787694256471,112.20564276724001,56.15932091110812,56.72765303733675,20.930205769248367,20.817066071504893
1994-01-01,51.994537909411996,52.10377075882209,33.76758088525782,33.69174461311966,8.780718385650768,8.647483141726926,111.59352281984269,112.53900130014725,56.33235271613161,56.894449562565384,21.00968021747096,20.86603950416791
1994-04-01,52.582243515025745,52.39198039876678,33.98006925780837,33.89282289084036,9.17820298963034,8.755483107396078,113.16031756656758,112.90511518435918,56.5810697098228,57.08057420402935,21.023030900676403,20.913290459852277
1994-07-01,52.747881821144766,52.69222658887908,34.196632219987634,34.10009986271977,9.006470172755856,8.870008988442631,114.18435450548057,113.29795157594617,56.89426274122305,57.28686626583205,20.925656436750266,20.9592270723618
1994-10-01,53.20321933633937,53.00416261471611,34.444902787465836,34.313568482411,9.33119159108809,8.990402448232704,114.33516396698207,113.71157234726316,57.14755847766146,57.51387942755601,21.055432398205117,21.00433017432287
1995-01-01,53.31558681897111,53.327472250056616,34.46339654188913,34.533283392682314,9.409506420539092,9.116057385172645,114.71819928902485,114.14051897624654,57.55161190499188,57.761946690855765,21.002228801534283,21.049063866831425
1995-04-01,53.3636343489559,53.66196018689682,34.728322237394096,34.75938438649217,9.178942931573024,9.246547977168843,114.29413847548058,114.57964721123736,57.92303894235392,58.03119392735348,21.024427605894328,21.093928327276707
1995-07-01,53.67893503779142,54.00742113873532,34.923660980899896,34.99197132782552,9.10527483675348,9.381607932769638,115.32179736502557,115.02409824155762,58.195842182529496,58.32163481824965,20.991410283186223,21.139398588976782
1995-10-01,53.895828675226824,54.36345712588822,35.05637836893074,35.231127711611194,9.257949312918372,9.52090933842802,115.29271182020351,115.46875784636013,58.43139549126658,58.63323261843428,21.049902121232332,21.18591010418533
1996-01-01,54.18414201013403,54.72945247311203,35.33063510702767,35.476896545998514,9.333283102360102,9.663921345583258,115.26034787427173,115.90861972735962,58.7325720364311,58.96588692858127,21.128317511656746,21.23380900520679
1996-04-01,54.949489990281634,55.10447826005506,35.71137450077124,35.72921144709035,9.702632843220528,9.809906230175267,116.05606387573566,116.33849117246574,59.0191671643506,59.31938283056612,21.294836883213286,21.283359050876502
1996-07-01,55.284782233308135,55.487233016253946,35.860930888413776,35.98791149346305,10.023985844232369,9.957861806944623,116.69043526979144,116.75269635157696,59.36847313505219,59.693366644907584,21.304946565392335,21.334760309948567
1996-10-01,55.690768844778745,55.87628025817839,36.09052683347811,36.25281984906799,9.979630949657642,10.106653470158207,117.67039144988011,117.14530776407801,59.77504379784549,60.087298018458355,21.294129532599552,21.388222330673113
1997-01-01,55.79037271205876,56.27001373086765,36.24625826770924,36.52367364584916,10.156521652313662,10.255120443887334,118.11018618489153,117.51029179556637,60.05849891232707,60.50042701385616,21.245342642191023,21.44393844576745
1997-04-01,56.594425417268724,56.666663027022096,36.34811281713893,36.80009861244023,10.564540766854378,10.401953337121444,118.41753339510426,117.84188919180646,60.525272740844684,60.9317937461929,21.456936041459954,21.502045266468528
1997-07-01,57.15271885320342,57.064101591491294,36.808468650311404,37.08153187282915,10.722545464554418,10.545709305111489,118.79768530355722,118.13468044517559,61.05052299156352,61.38013672908089,21.5582123739758,21.562556078877055
1997-10-01,57.4825921383089,57.46009708985816,37.13922400276979,37.36710392663046,10.784028368840898,10.684978976598583,119.02079840546998,118.38359093464989,61.586013219401195,61.84390345791592,21.590121015714665,21.62545652923862
1998-01-01,57.926133141164435,57.85241220042293,37.37844312941957,37.65574357990289,11.186886792144263,10.818405774171332,119.49261537791295,118.58396617892264,62.15169089898607,62.32128749811338,21.631499982238665,21.69072993901178
1998-04-01,58.317566849988694,58.23876528654955,37.92112283945884,37.9462005197221,11.025270222546585,10.944648584945929,119.80260504191287,118.73157677050271,62.78323655372624,62.810263414097,21.66423477575336,21.75833773659753
1998-07-01,58.881813994181485,58.616865063884866,38.261126237793384,38.23700854364045,11.243156556057714,11.062560760914687,119.62638182564005,118.82280741475914,63.33207819634962,63.308633687750216,21.828187027630555,21.828204076193146
1998-10-01,59.65510184100696,58.984417755711206,38.69329675613288,38.52664052759574,11.534126773376823,11.171027834268905,120.7396960163881,118.85477657081053,63.90493566345218,63.814112215657836,21.912923512363673,21.900193270407357
1999-01-01,59.99118538317828,59.33924933942094,38.895131906875854,38.81353933488651,11.811644928048832,11.26904041292416,120.09427850104437,118.82518626732045,64.4797778518832,64.32435272637443,22.044082287355113,21.97416821462234
1999-04-01,60.33021930185222,59.67956829564033,39.459127808552594,39.09620923834293,11.705685458813612,11.355819446069344,120.43690173002742,118.73300174844607,65.17387601115796,64.83698975189877,22.04488109907278,22.049998267793153
1999-07-01,60.94870286335267,60.00396768779094,39.8620661866399,39.37316654613856,11.915468999931573,11.430939553043228,120.85344300616256,118.57807671864936,65.79997561760344,65.34968003700945,22.146720037680723,22.127595158579833
1999-10-01,61.767023921939106,60.311436861928286,40.34777109533314,39.64312018305223,12.185346444173577,11.494224840908025,120.99507996759723,118.3614195954141,66.45544003511023,65.86021993961506,22.349319233244238,22.206866346646944
2000-01-01,61.13469718905743,60.6015558033904,40.45145485063525,39.90505897302066,11.922641763543213,11.545837227946516,119.91370515053248,118.08553318451143,66.42284602493449,66.3666239370593,22.25380282786606,22.28773015481835
2000-04-01,62.05506724879864,60.87482392154929,40.64397626720396,40.158396265781874,12.569921877658128,11.586404222618858,119.87342713778166,117.75461082787231,67.04907809600866,66.8672255081359,22.519678727006582,22.370193238732888
2000-07-01,61.92018414389497,61.132103437448,40.92730297862241,40.40288389064397,12.362048853717223,11.616830748147278,119.44118759598584,117.3740110320119,67.80858489298204,67.36034941782313,22.434931624535476,22.454241084564636
2000-10-01,62.100388873081855,61.37502486222118,41.17081858846262,40.63858313435364,12.30152834229494,11.638653560262833,118.65857271989555,116.95039959541494,68.50132475325333,67.84439389993983,22.516328431560268,22.539952884850734
2001-01-01,61.74338743812125,61.60575207128428,41.25156308959322,40.865896021361195,11.62503264622852,11.653896118691332,118.2977348328621,116.49167607899815,69.18782649521037,68.31800392422906,22.353097167572813,22.627396985057427
2001-04-01,61.9433987373101,61.826946304325645,41.15679778826512,41.08557678731774,11.530934035368539,11.665010414616816,116.82393212756284,116.00671100103132,69.65170967322162,68.78021215123076,22.55617977188002,22.71662802320437
2001-07-01,61.49886227493584,62.04140087336957,41.02819973923271,41.29864613737373,11.286041234898896,11.674446450433473,114.99909262026853,115.50536645274455,70.05973341126563,69.23058500868142,22.57844702256903,22.807527767609223
2001-10-01,61.4723696324511,62.252025374828825,41.44487052926006,41.50619711210813,10.668341184523477,11.684579712915589,113.35213660521224,114.9978541848448,70.39169663163628,69.6692388580765,22.74366573727538,22.8998747368578
2002-01-01,61.82377591347681,62.46142811931036,41.380478950928755,41.70917814939183,10.965623537338958,11.697546895805699,112.08226352914794,114.49389825773345,70.60352611026599,70.09682728954701,23.017578429739686,22.993298823639357
2002-04-01,62.049665226428175,62.67175958602287,41.649398596164936,41.90852096328434,11.018134706192217,11.714829357938353,112.0830268546424,114.00202670486107,70.88671288926304,70.51448619022047,23.069233732138688,23.087325082468297
2002-07-01,62.110221333944516,62.88479609220331,41.8277511814476,42.104969357165224,10.931432656119016,11.737447014562424,111.34277004700222,113.52911191362966,71.1329842081364,70.92370768987657,23.163288986600126,23.18148602671798
2002-10-01,61.998636155812996,63.10194476094706,41.88545951050572,42.299118878035365,10.887764061888504,11.765983077448444,111.14413002601262,113.0807171108612,71.34592380001274,71.32626116288981,23.124321875237285,23.275295106074736
2003-01-01,61.87612427160255,63.32414189183929,41.90273197518124,42.49140190292121,10.854615889596854,11.800509838821926,109.78115242904754,112.66095815134534,71.25154721490264,71.72409410420275,23.275250323438883,23.368246480160344
2003-04-01,62.24053435023337,63.55163683385445,42.15178143186823,42.681997457530734,10.851666036840095,11.840534975987275,109.12206806408504,112.27269293176103,71.446856077471,72.119213877783,23.481636458440846,23.45973101899283
2003-07-01,63.06674059879457,63.78376092549873,42.643251427970185,42.87071474793161,11.146475279363328,11.88494636261666,108.92466221422093,111.91694899671528,71.61126736861398,72.51337493377312,23.802204881321718,23.54907181561061
2003-10-01,63.57563148285486,64.01900202007351,42.73638900525528,43.057023967336725,11.510087440612791,11.931969876996769,109.10086974224788,111.59277906173848,71.83622533661824,72.90794456012931,23.942772596974233,23.635596260657238
2004-01-01,63.91707529095912,64.25537170074105,43.14643957482598,43.240243253572224,11.547055466816023,11.979325154837806,109.4978913530882,111.29738527375777,72.36610220359645,73.30374684754514,23.952903368828824,23.718781658169966
2004-04-01,64.23636581200202,64.49057192791565,43.20553148032791,43.41947755620326,11.998998658924162,12.024425367062909,109.2817767945695,111.02645314890638,72.71237794189062,73.70094182545205,24.063252480241,23.798291791208324
2004-07-01,64.63600461114203,64.7220575560256,43.509818914362235,43.593759576963805,12.177171986191114,12.064368585705022,109.6382852407643,110.77459766523208,73.13055077490708,74.09909678026847,24.113307151705758,23.87393462496141
2004-10-01,65.08207615659845,64.9470874147357,43.892743856713615,43.76197382454461,12.417086412391063,12.096203689583527,109.85178690845395,110.53539883552307,73.56879518390528,74.49714088177731,24.198381229727282,23.945683719990022
2005-01-01,65.62399408469327,65.16283029113649,43.95601438346915,43.922938004206,12.778417568631674,12.11703270992256,109.77014396907346,110.30178646806166,74.0908943203528,74.89336460096374,24.351321654808253,24.013664419900838
2005-04-01,65.75698041567932,65.36650657522932,44.27580687429782,44.07553904409873,12.601546641645418,12.124162173538894,110.08861781291985,110.06632482452271,74.68008484354475,75.28543268681116,24.287338821406287,24.07816370516974
2005-07-01,66.05459295317485,65.55559799152032,44.57079551946461,44.218674834676435,12.721125243581163,12.11533590585375,110.06657963928936,109.82131021530682,75.16782121131553,75.67045323475466,24.34490592755244,24.139684259992617
2005-10-01,66.20341659392527,65.72781201048664,44.49580069522322,44.35136152316306,13.143407920615486,12.088653513902734,110.35277144825714,109.5591233631597,75.66042077886387,76.04509501478238,24.30298133521201,24.19886625634747
2006-01-01,66.92971360522942,65.88115766939414,44.78737172397187,44.47283209151149,13.33627386872677,12.042672404860983,111.1716832445419,109.27237707558615,76.31052972283298,76.40564888471924,24.378698015343634,24.25648552291651
2006-04-01,66.8975346005193,66.01393944451074,44.88387533598522,44.5824109735841,13.177975129067939,11.976687512990173,111.19339678968711,108.95426815023004,76.9524845908192,76.74810232817055,24.292553116161656,24.313391098839727
2006-07-01,66.78349380210773,66.12512016213857,45.03742662956903,44.67962292787774,13.045571824787576,11.89086897793085,111.38368918925583,108.59926811459614,77.51120221787184,77.06832631273521,24.16294436841971,24.370516774121963
2006-10-01,67.13333308460705,66.21422738552458,45.07909336582955,44.764187980952,12.793059193775036,11.786193571634426,111.34676147048397,108.20333391467159,78.01929539918764,77.36227331559121,24.239261880674587,24.42879207999209
2007-01-01,67.0547882211777,66.28121900413828,45.15148032361569,44.836058805886765,12.567397510233098,11.664385718014996,110.92537078137433,107.76423520392198,78.37465935200801,77.62614121500026,24.23207234754461,24.489024595927802
2007-04-01,67.29565819848473,66.32664674545084,45.22508355731002,44.89539575061476,12.61245316028192,11.527787974863308,111.10581198297997,107.28175505415318,78.76443530620064,77.85652446457607,24.251293363975066,24.551910621890364
2007-07-01,67.48904515373017,66.3515666741803,45.40498491742014,44.942567885588595,12.446582454845666,11.37924923007283,110.41792710564766,106.75767089343802,79.12332345966134,78.05048986336084,24.380538336053384,24.617991889363335
2007-10-01,67.68880019808604,66.35765775556119,45.710528901782695,44.97816183825681,12.155692206680683,11.222171108510992,109.70893168856757,106.19611088837436,79.42942251283436,78.20569349709358,24.522139364874388,24.687626765903854
2008-01-01,67.45032841817074,66.34732146679104,45.884565143171436,45.003063412074866,11.75820403251892,11.060436615450717,109.47214848144347,105.6033961633755,79.94608678038473,78.32049904034145,24.41462177446657,24.761028830945495
2008-04-01,67.66091648213342,66.3237945674967,46.105879593835,45.01862295765669,11.563463176739917,10.898278821096918,108.54473626390251,104.9878861790332,80.09449501989049,78.39408384903132,24.610677318541228,24.83831110652748
2008-07-01,67.1034674873696,66.29100167266502,45.75537996040216,45.02674503917311,11.251809656647485,10.740106109851334,107.03655954125242,104.36012270097568,80.15648706744618,78.42669421370401,24.624241224903116,24.919369984985305
2008-10-01,65.43829276845769,66.25369137688341,44.37870620654701,45.03001162548018,10.338435587357123,10.59046624760239,104.0628192322018,103.73257185242295,80.13444157717073,78.41969337703209,24.459378980929777,25.00395793534943
2009-01-01,64.65187544275695,66.21710765760628,43.972039809747194,45.031459508987,9.02685435153018,10.453961832137825,101.37492172897706,103.1190376041496,80.0994873905242,78.3755742058091,24.58375373483903,25.09163833425654
2009-04-01,64.39228114235807,66.18597097909314,43.90433767486706,45.03371646940666,8.344531356759296,10.334821833747695,98.85315690660049,102.5332035313827,79.5824739940171,78.29793762409173,24.94572771620371,25.181622672238067
2009-07-01,64.45221827206592,66.16400459198655,44.336770485542175,45.03874075205382,8.214015863765411,10.236192032070912,97.64449232366054,101.98736480621996,78.88449128647497,78.19147997009276,25.247133887781008,25.27278853360483
2009-10-01,64.96243893127475,66.1537937948331,44.36133643070187,45.047776738326476,8.862117160007676,10.15982509531269,97.17513405953892,101.49126365972273,78.17482673055368,78.06170195555184,25.607688208620498,25.363848096175843
2010-01-01,65.21669550235336,66.15684388857784,44.62071160513299,45.0616282790401,9.002751601228914,10.106149175050488,97.06450172203044,101.05175504748063,77.77947841379981,77.91452265513,25.772649881735823,25.453478785368393
2010-04-01,65.70641659866159,66.17391624084088,44.77516598548126,45.08066895262963,9.425086809971077,10.074860485061896,97.77249190241679,100.67291466071633,77.35026688188574,77.75590234734481,25.893909470999347,25.540492330845687
2010-07-01,66.04816043067258,66.20518936396051,44.932215095354316,45.10499747469978,9.755662002964483,10.065075942755083,98.08137106467208,100.356324626514,77.01305568109429,77.59167657305397,26.015027019357717,25.623884691270526
2010-10-01,66.2224826147722,66.25055759411657,45.117210471007716,45.13452278053393,9.682571918011451,10.075636007151129,98.17216713399986,100.10182239175823,76.76726504826732,77.42738143281454,26.097187815235706,25.70286119536568
2011-01-01,66.02415410935286,66.30982556474471,45.40914156326915,45.16904701405538,9.487496749320536,10.105307333353972,98.25364422543466,99.90792409994509,76.6619954880609,77.26814526812703,26.01749579239893,25.776863970700376
2011-04-01,66.34248360360476,66.38278836554612,45.513284827318614,45.208362551090445,9.796670063201438,10.152702696690866,98.96729044014188,99.77205131699367,76.40788827910711,77.11864212419216,26.050501450250323,25.845577862101894
2011-07-01,66.16332873405315,66.46906924733577,45.475653502348045,45.25241251519269,9.821699874672037,10.216101922237797,99.10747548723407,99.69070120302074,76.21108315059278,76.98313340288638,25.979701317916728,25.908838442561454
2011-10-01,66.74942259347644,66.56827218936951,45.54316148096034,45.30133158871712,10.550692989154353,10.29358845894961,99.616148619645,99.65997022629223,76.02604221215013,76.86541157674405,26.145001236486422,25.96661167162723
2012-01-01,66.73918257107049,66.67981407835461,45.51763030638181,45.35539602151357,10.664721702525727,10.382988289765477,99.56999999517035,99.675675073151,75.5766818418898,76.76877254593686,26.20317631258445,26.01891147426882
2012-04-01,66.8966943998745,66.8032280818117,45.42456321315439,45.415036121315346,10.883939246821383,10.48225079938269,99.58250702170814,99.7336713543136,75.63441742701782,76.69598451171666,26.255856000530756,26.06586720600157
2012-07-01,66.84933401595637,66.93808722692357,45.30232204282288,45.48078781447833,10.831040225946106,10.58944635575422,99.73540880912691,99.8297963481096,75.72551686990653,76.64907569297853,26.200074707507337,26.1077279068194
2012-10-01,66.75741525752252,67.08402524757533,45.39439400591222,45.55319830761887,10.725989452406724,10.702829395810713,100.0,99.95982339640157,75.79782019241156,76.62942647951094,26.110307423348285,26.14486617060145
2013-01-01,67.15493428477893,67.2406219813817,45.49511610847711,45.63270876417058,11.058121698847254,10.820736662973374,100.1170279330991,100.11948174742776,75.82494718900557,76.6378632462333,26.24253854983684,26.1777173296521
2013-04-01,67.1022788534274,67.40725230798886,45.36948441143836,45.71966660941947,11.151637792370863,10.94144683002796,100.28449069670889,100.30452689778471,75.97317213123651,76.67472010965636,26.175594168209443,26.206699604185484
2013-07-01,67.46911767437531,67.58323504193568,45.39889344722873,45.81433871092745,11.490150802812249,11.06331035339785,100.61488111493892,100.51070215181126,76.12048168040347,76.73985172535701,26.244685744540845,26.232275534236518
2013-10-01,67.78266414701626,67.76769318535486,45.56932950778526,45.916776970142244,11.51481055939052,11.184735835383922,100.70126162665952,100.73371754537744,76.34580307695185,76.83270214300059,26.324701539839054,26.254891485804833
2014-01-01,67.40289278028978,67.95967106771052,45.67669462684535,46.02677522853407,11.398293413115463,11.304329703338176,100.96388857784095,100.9693194814137,76.59522550663453,76.95235311929686,26.103113949391506,26.275004277105946
2014-04-01,68.1195452427133,68.15821360957052,45.97040442523217,46.14390962543027,11.821261169714072,11.420849219324797,101.45150460946329,101.21319923117261,76.80197610566546,77.09760251007576,26.273365329736208,26.293116597850652
2014-07-01,68.74425238443366,68.3620045054619,46.23816879526986,46.267534137471905,12.040144309426564,11.533065902967062,101.8912120572487,101.46100523282183,77.08615723552042,77.26703997896811,26.40572546925527,26.3096251561078
2014-10-01,68.88360914376246,68.56968822424949,46.5093408472725,46.39688896787924,12.113502307996695,11.639962798207286,102.80066765585654,101.70849332692929,77.41480629981744,77.45907932844011,26.267724197975394,26.324915650290325
2015-01-01,69.14986372023895,68.7801328206922,46.44456406537467,46.5311891561706,12.472370901022058,11.740813304431123,102.48388374160824,101.95164754944801,77.61143190916518,77.67202416632638,26.398760375439057,26.339434913926134
2015-04-01,69.39516946841867,68.9923895008429,46.62796943837582,46.66971252206957,12.380356347380445,11.835175322857575,102.71458256116956,102.18709620411724,78.04629818577143,77.90414779377679,26.40203405059782,26.35359504962647
2015-07-01,69.44283623644164,69.20572961375201,46.838083440625574,46.81167460119914,12.334390161170957,11.923058979795382,102.80736715840044,102.41177146238964,78.41955518207568,78.15367796014226,26.360611940366425,26.367846157542846
2015-10-01,69.36729518746321,69.41966799521894,46.91142913361152,46.95625560919459,12.131648918048814,12.004828351210087,103.0442616067211,102.62291216050511,78.76741802776701,78.41891954020527,26.251872873809788,26.38266959764432
2016-01-01,69.54402402985167,69.63386229467086,47.161116601638575,47.102642453839444,11.981324829233484,12.081127636940188,103.03802802800132,102.81798749236074,78.99148155965905,78.6983295601889,26.293636137363322,26.398543309351084
2016-04-01,69.5893473384261,69.84793297829684,47.251436265894164,47.249983739629734,11.884637176933033,12.152708695584627,103.18220808255067,102.99471869169854,79.24605128888871,78.99056815323081,26.257282934577557,26.41586442100166
2016-07-01,69.82162764954495,70.06143933922016,47.44801162171045,47.3974541275644,11.846999524857683,12.220286573207153,103.20411647225013,103.15095890232593,79.4444546063781,79.29446449667013,26.318247852237576,26.43496551001686
2016-10-01,69.9808988583711,70.27377245580251,47.52539112412464,47.54421885586133,12.106776326424685,12.284427352658632,103.03637916235944,103.28467770307381,79.62575870578293,79.60899394245459,26.385127820441504,26.456080862816314
2017-01-01,70.39079087538809,70.48416514486759,47.945778894060815,47.68946466507274,12.066820836093962,12.34547432106027,103.55919255911053,103.39388188366756,80.16962708024903,79.93321262865197,26.389556356067338,26.47937269597311
2017-04-01,70.63898073164772,70.6916568343944,48.05211425638733,47.832356761629896,12.27353990117261,12.40366830478017,104.12638025532578,103.47643111217664,80.42998138235599,80.26617380813707,26.35881953317924,26.504959804888287
2017-07-01,70.98377793838864,70.89521746951061,48.153684365213955,47.97221156527239,12.387787324904684,12.459079902657493,104.04134230934415,103.53030144345402,80.71350606850231,80.60706507985435,26.468930455362273,26.53290565504505
2017-10-01,71.48765527677222,71.09377292923317,48.52905037823814,48.108476124097656,12.481238774959822,12.51170117693664,104.5373612364775,103.55389289974957,81.01658365021231,80.95516428147688,26.53969973648771,26.563182779430207
2018-01-01,71.75427319695591,71.28629405358616,48.684995429000814,48.240706118962635,12.648503964432662,12.561481550414026,104.74791203043938,103.5459484274261,81.20282950586851,81.30980438875665,26.582492017465903,26.59572404503011
2018-04-01,72.20648265495574,71.4719892336662,48.85329559111562,48.36871679578083,12.696154398010236,12.608352949416135,105.10781183086235,103.50585090434394,81.57598982026978,81.67034569655266,26.647651680104683,26.630447822787012
2018-07-01,72.38302715285543,71.65035401455314,49.06068907531774,48.492600747970585,12.892058078700861,12.652303411588672,105.14878393506137,103.43375982946526,81.91958183471635,82.03606975106965,26.666781045060144,26.667264272787552
2018-10-01,72.36562263346087,71.8213405836366,49.0913722599481,48.61275582568549,12.92539777863932,12.693378370807169,105.14871041679797,103.33085597356643,82.2921208664045,82.40618562419742,26.618076484831274,26.706094300751182
2019-01-01,72.88668878394795,71.98536121820503,49.12729293647285,48.72993978660684,13.194725792999813,12.731775628013871,105.26991671670484,103.19940456913505,82.96478019846035,82.77981440583876,26.713447758378457,26.746858469107575
2019-04-01,73.33015584025672,72.14317498036608,49.516682986761545,48.84521770291301,13.236954679622638,12.767842055203124,104.89332902121681,103.04280782164153,83.42918191057245,83.15598899249275,26.8860821463107,26.78942196229397
2019-07-01,73.67133831336682,72.29611200344114,49.77473328530563,48.95991375188648,13.217298744586861,12.802215927397576,105.27527340222053,102.8657451253119,83.85828429607962,83.53384095554742,26.899093593089898,26.833628473038406
2019-10-01,73.85092897151686,72.4462541445318,49.8840647114222,49.075783517476374,12.942338658414778,12.83583294010488,105.35153491504875,102.67402087151882,84.26303382192492,83.91265789740316,26.906594869411055,26.8793814381214
2020-01-01,72.99648672841323,72.59655631037957,49.06590761001745,49.19510676996939,12.751012071844189,12.869895711493225,103.97285828418251,102.4748880314829,84.90157611371768,84.29191863049549,26.75320261419427,26.926624869819506
2020-04-01,66.36522612150874,72.75087131131257,44.25972434278952,49.32068940247447,10.790831095644716,12.905686387754294,90.10383563365248,102.27719259071401,85.20788197813103,84.67131308132902,26.661332460855924,26.975319648825238
2020-07-01,71.23507139331288,72.91333545206791,48.168913522928285,49.45528620177852,12.498315238693367,12.94442670561836,97.50821139412135,102.0906390141599,84.9857388570286,85.05090880486068,27.210611017522808,27.02531741961849
2020-10-01,71.88495926008997,73.08392733980617,48.422718208458306,49.59832922039854,13.130728000467261,12.985901803814942,99.64557508240028,101.91679083123282,85.19309685184236,85.43111203411685,27.05148433491578,27.076270744405438
2021-01-01,73.03137159656667,73.2615613660042,49.72578812539047,49.748428215100866,13.016749130777056,13.029609972885718,100.67680892389947,101.75428418484128,85.7738928467793,85.81229528730056,27.23474733898905,27.127945499603246
2021-04-01,74.14658494393383,73.44438382316265,51.12996452650491,49.903430579557764,12.797633645058744,13.075134412029971,102.02670079335836,101.60033649743191,86.15942221901636,86.19468748746765,27.36928837034866,27.180090252952567
2021-07-01,74.45643047590937,73.63037864750892,51.23156075305165,50.06114392774704,13.155542523744764,13.122045006698094,103.6861981024221,101.45150942631534,86.44264742476648,86.5784974128774,27.165712250329047,27.23251852555004
2021-10-01,75.60597362604665,73.81794868366055,51.44257418254705,50.220110591712384,14.17473285992264,13.169729206036083,104.14471279311124,101.30465095884647,86.80231097146698,86.96391528029824,27.466181478116788,27.28516069230138
2022-01-01,,,,,,,,,,,,
